2024.11.05 11:13:12 INFO  Started: Metals version 1.4.0 in folders '/Users/atharvakulkarni/Desktop/IITB/BTP/ntt_accel' for client Visual Studio Code 1.94.2.
2024.11.05 11:13:13 WARN  Flyway upgrade recommended: H2 2.3.232 is newer than this version of Flyway and support has not been tested. The latest supported version of H2 is 2.2.224.
Nov 05, 2024 11:14:28 AM org.eclipse.lsp4j.jsonrpc.services.GenericEndpoint notify
INFO: Unsupported notification method: $/setTrace
2024.11.05 11:14:54 INFO  no build target found for /Users/atharvakulkarni/Desktop/IITB/BTP/ntt_accel/build.sbt. Using presentation compiler with project's scala-library version: 3.3.4
2024.11.05 11:14:54 INFO  no build target found for /Users/atharvakulkarni/Desktop/IITB/BTP/ntt_accel/build.sbt. Using presentation compiler with project's scala-library version: 3.3.4
2024.11.05 11:14:54 INFO  no build target found for /Users/atharvakulkarni/Desktop/IITB/BTP/ntt_accel/build.sbt. Using presentation compiler with project's scala-library version: 3.3.4
2024.11.05 11:14:56 INFO  no build target found for /Users/atharvakulkarni/Desktop/IITB/BTP/ntt_accel/build.sbt. Using presentation compiler with project's scala-library version: 3.3.4
2024.11.05 11:14:57 WARN  Could not find semantic tokens for: file:///Users/atharvakulkarni/Desktop/IITB/BTP/ntt_accel/build.sbt
2024.11.05 11:25:33 INFO  no build target found for /Users/atharvakulkarni/Desktop/IITB/BTP/ntt_accel/build.sbt. Using presentation compiler with project's scala-library version: 3.3.4
2024.11.05 11:25:37 INFO  no build target found for /Users/atharvakulkarni/Desktop/IITB/BTP/ntt_accel/src/main/scala/AddressGenerator.scala. Using presentation compiler with project's scala-library version: 3.3.4
2024.11.05 11:25:37 INFO  no build target found for /Users/atharvakulkarni/Desktop/IITB/BTP/ntt_accel/src/main/scala/AddressGenerator.scala. Using presentation compiler with project's scala-library version: 3.3.4
2024.11.05 11:25:37 INFO  no build target found for /Users/atharvakulkarni/Desktop/IITB/BTP/ntt_accel/src/main/scala/AddressGenerator.scala. Using presentation compiler with project's scala-library version: 3.3.4
Nov 05, 2024 11:25:37 AM org.eclipse.lsp4j.jsonrpc.RemoteEndpoint handleCancellation
WARNING: Unmatched cancel notification for request id 13
2024.11.05 11:25:37 INFO  no build target found for /Users/atharvakulkarni/Desktop/IITB/BTP/ntt_accel/src/main/scala/AddressGenerator.scala. Using presentation compiler with project's scala-library version: 3.3.4
2024.11.05 11:25:46 INFO  no build target found for /Users/atharvakulkarni/Desktop/IITB/BTP/ntt_accel/src/main/scala/AddressGenerator.scala. Using presentation compiler with project's scala-library version: 3.3.4
2024.11.05 11:25:46 INFO  no build target found for /Users/atharvakulkarni/Desktop/IITB/BTP/ntt_accel/build.sbt. Using presentation compiler with project's scala-library version: 3.3.4
2024.11.05 11:25:46 INFO  no build target found for /Users/atharvakulkarni/Desktop/IITB/BTP/ntt_accel/build.sbt. Using presentation compiler with project's scala-library version: 3.3.4
2024.11.05 11:25:46 INFO  no build target found for /Users/atharvakulkarni/Desktop/IITB/BTP/ntt_accel/build.sbt. Using presentation compiler with project's scala-library version: 3.3.4
2024.11.05 11:25:46 WARN  Could not find semantic tokens for: file:///Users/atharvakulkarni/Desktop/IITB/BTP/ntt_accel/build.sbt
2024.11.05 11:25:46 INFO  no build target found for /Users/atharvakulkarni/Desktop/IITB/BTP/ntt_accel/build.sbt. Using presentation compiler with project's scala-library version: 3.3.4
2024.11.05 11:26:25 INFO  no build target found for /Users/atharvakulkarni/Desktop/IITB/BTP/ntt_accel/build.sbt. Using presentation compiler with project's scala-library version: 3.3.4
2024.11.05 11:26:25 INFO  no build target found for /Users/atharvakulkarni/Desktop/IITB/BTP/ntt_accel/build.sbt. Using presentation compiler with project's scala-library version: 3.3.4
2024.11.05 11:26:26 INFO  no build target found for /Users/atharvakulkarni/Desktop/IITB/BTP/ntt_accel/build.sbt. Using presentation compiler with project's scala-library version: 3.3.4
2024.11.05 11:26:26 INFO  no build target found for /Users/atharvakulkarni/Desktop/IITB/BTP/ntt_accel/build.sbt. Using presentation compiler with project's scala-library version: 3.3.4
2024.11.05 11:26:27 INFO  no build target found for /Users/atharvakulkarni/Desktop/IITB/BTP/ntt_accel/build.sbt. Using presentation compiler with project's scala-library version: 3.3.4
2024.11.05 11:26:27 INFO  no build target found for /Users/atharvakulkarni/Desktop/IITB/BTP/ntt_accel/build.sbt. Using presentation compiler with project's scala-library version: 3.3.4
2024.11.05 11:26:28 INFO  no build target found for /Users/atharvakulkarni/Desktop/IITB/BTP/ntt_accel/build.sbt. Using presentation compiler with project's scala-library version: 3.3.4
2024.11.05 11:26:28 INFO  no build target found for /Users/atharvakulkarni/Desktop/IITB/BTP/ntt_accel/build.sbt. Using presentation compiler with project's scala-library version: 3.3.4
2024.11.05 11:26:33 WARN  no build target for: /Users/atharvakulkarni/Desktop/IITB/BTP/ntt_accel/build.sbt
2024.11.05 11:26:33 INFO  no build target found for /Users/atharvakulkarni/Desktop/IITB/BTP/ntt_accel/build.sbt. Using presentation compiler with project's scala-library version: 3.3.4
2024.11.05 11:26:34 INFO  no build target found for /Users/atharvakulkarni/Desktop/IITB/BTP/ntt_accel/build.sbt. Using presentation compiler with project's scala-library version: 3.3.4
2024.11.05 11:26:41 INFO  no build target found for /Users/atharvakulkarni/Desktop/IITB/BTP/ntt_accel/build.sbt. Using presentation compiler with project's scala-library version: 3.3.4
2024.11.05 11:26:51 INFO  no build target found for /Users/atharvakulkarni/Desktop/IITB/BTP/ntt_accel/build.sbt. Using presentation compiler with project's scala-library version: 3.3.4
2024.11.05 11:26:52 INFO  no build target found for /Users/atharvakulkarni/Desktop/IITB/BTP/ntt_accel/build.sbt. Using presentation compiler with project's scala-library version: 3.3.4
2024.11.05 11:26:52 INFO  no build target found for /Users/atharvakulkarni/Desktop/IITB/BTP/ntt_accel/build.sbt. Using presentation compiler with project's scala-library version: 3.3.4
2024.11.05 11:26:51 INFO  no build target found for /Users/atharvakulkarni/Desktop/IITB/BTP/ntt_accel/build.sbt. Using presentation compiler with project's scala-library version: 3.3.4
2024.11.05 11:26:51 INFO  no build target found for /Users/atharvakulkarni/Desktop/IITB/BTP/ntt_accel/build.sbt. Using presentation compiler with project's scala-library version: 3.3.4
2024.11.05 11:26:52 INFO  no build target found for /Users/atharvakulkarni/Desktop/IITB/BTP/ntt_accel/build.sbt. Using presentation compiler with project's scala-library version: 3.3.4
2024.11.05 11:26:52 INFO  no build target found for /Users/atharvakulkarni/Desktop/IITB/BTP/ntt_accel/build.sbt. Using presentation compiler with project's scala-library version: 3.3.4
2024.11.05 11:26:52 WARN  Could not find semantic tokens for: file:///Users/atharvakulkarni/Desktop/IITB/BTP/ntt_accel/build.sbt
2024.11.05 11:27:30 WARN  no build target for: /Users/atharvakulkarni/Desktop/IITB/BTP/ntt_accel/build.sbt
2024.11.05 11:27:30 INFO  no build target found for /Users/atharvakulkarni/Desktop/IITB/BTP/ntt_accel/build.sbt. Using presentation compiler with project's scala-library version: 3.3.4
2024.11.05 11:27:30 INFO  skipping build import with status 'Dismissed'
2024.11.05 11:27:30 WARN  Could not find semantic tokens for: file:///Users/atharvakulkarni/Desktop/IITB/BTP/ntt_accel/build.sbt
2024.11.05 11:27:30 INFO  no build target found for /Users/atharvakulkarni/Desktop/IITB/BTP/ntt_accel/build.sbt. Using presentation compiler with project's scala-library version: 3.3.4
2024.11.05 11:27:30 WARN  Could not find semantic tokens for: file:///Users/atharvakulkarni/Desktop/IITB/BTP/ntt_accel/build.sbt
2024.11.05 11:36:30 INFO  no build target found for /Users/atharvakulkarni/Desktop/IITB/BTP/ntt_accel/build.sbt. Using presentation compiler with project's scala-library version: 3.3.4
2024.11.05 11:36:30 INFO  no build target found for /Users/atharvakulkarni/Desktop/IITB/BTP/ntt_accel/build.sbt. Using presentation compiler with project's scala-library version: 3.3.4
2024.11.05 11:36:30 INFO  no build target found for /Users/atharvakulkarni/Desktop/IITB/BTP/ntt_accel/build.sbt. Using presentation compiler with project's scala-library version: 3.3.4
2024.11.05 11:36:31 INFO  no build target found for /Users/atharvakulkarni/Desktop/IITB/BTP/ntt_accel/build.sbt. Using presentation compiler with project's scala-library version: 3.3.4
2024.11.05 11:36:31 INFO  no build target found for /Users/atharvakulkarni/Desktop/IITB/BTP/ntt_accel/build.sbt. Using presentation compiler with project's scala-library version: 3.3.4
2024.11.05 11:36:31 WARN  Could not find semantic tokens for: file:///Users/atharvakulkarni/Desktop/IITB/BTP/ntt_accel/build.sbt
2024.11.05 11:36:33 INFO  no build target found for /Users/atharvakulkarni/Desktop/IITB/BTP/ntt_accel/build.sbt. Using presentation compiler with project's scala-library version: 3.3.4
2024.11.05 11:36:33 INFO  no build target found for /Users/atharvakulkarni/Desktop/IITB/BTP/ntt_accel/build.sbt. Using presentation compiler with project's scala-library version: 3.3.4
2024.11.05 11:36:34 INFO  no build target found for /Users/atharvakulkarni/Desktop/IITB/BTP/ntt_accel/build.sbt. Using presentation compiler with project's scala-library version: 3.3.4
2024.11.05 11:36:34 INFO  no build target found for /Users/atharvakulkarni/Desktop/IITB/BTP/ntt_accel/build.sbt. Using presentation compiler with project's scala-library version: 3.3.4
2024.11.05 11:36:34 WARN  Could not find semantic tokens for: file:///Users/atharvakulkarni/Desktop/IITB/BTP/ntt_accel/build.sbt
2024.11.05 11:36:36 INFO  no build target found for /Users/atharvakulkarni/Desktop/IITB/BTP/ntt_accel/build.sbt. Using presentation compiler with project's scala-library version: 3.3.4
2024.11.05 11:36:36 INFO  no build target found for /Users/atharvakulkarni/Desktop/IITB/BTP/ntt_accel/build.sbt. Using presentation compiler with project's scala-library version: 3.3.4
2024.11.05 11:36:36 INFO  no build target found for /Users/atharvakulkarni/Desktop/IITB/BTP/ntt_accel/build.sbt. Using presentation compiler with project's scala-library version: 3.3.4
2024.11.05 11:36:36 INFO  no build target found for /Users/atharvakulkarni/Desktop/IITB/BTP/ntt_accel/build.sbt. Using presentation compiler with project's scala-library version: 3.3.4
2024.11.05 11:36:37 WARN  Could not find semantic tokens for: file:///Users/atharvakulkarni/Desktop/IITB/BTP/ntt_accel/build.sbt
2024.11.05 11:36:36 INFO  no build target found for /Users/atharvakulkarni/Desktop/IITB/BTP/ntt_accel/build.sbt. Using presentation compiler with project's scala-library version: 3.3.4
2024.11.05 11:36:38 WARN  no build target for: /Users/atharvakulkarni/Desktop/IITB/BTP/ntt_accel/build.sbt
2024.11.05 11:36:38 INFO  no build target found for /Users/atharvakulkarni/Desktop/IITB/BTP/ntt_accel/build.sbt. Using presentation compiler with project's scala-library version: 3.3.4
2024.11.05 11:36:38 WARN  Could not find semantic tokens for: file:///Users/atharvakulkarni/Desktop/IITB/BTP/ntt_accel/build.sbt
2024.11.05 11:36:39 INFO  no build target found for /Users/atharvakulkarni/Desktop/IITB/BTP/ntt_accel/build.sbt. Using presentation compiler with project's scala-library version: 3.3.4
2024.11.05 11:36:39 WARN  Could not find semantic tokens for: file:///Users/atharvakulkarni/Desktop/IITB/BTP/ntt_accel/build.sbt
2024.11.05 11:36:43 INFO  running '/opt/homebrew/bin/sbt -Dbloop.export-jar-classifiers=sources bloopInstall'
2024.11.05 11:36:43 WARN  no build target for: /Users/atharvakulkarni/Desktop/IITB/BTP/ntt_accel/project/project/metals.sbt
2024.11.05 11:36:43 WARN  no build target for: /Users/atharvakulkarni/Desktop/IITB/BTP/ntt_accel/project/metals.sbt
2024.11.05 11:36:43 INFO  no build target found for /Users/atharvakulkarni/Desktop/IITB/BTP/ntt_accel/project/metals.sbt. Using presentation compiler with project's scala-library version: 3.3.4
2024.11.05 11:36:43 INFO  no build target found for /Users/atharvakulkarni/Desktop/IITB/BTP/ntt_accel/build.sbt. Using presentation compiler with project's scala-library version: 3.3.4
2024.11.05 11:36:43 INFO  no build target found for /Users/atharvakulkarni/Desktop/IITB/BTP/ntt_accel/project/project/metals.sbt. Using presentation compiler with project's scala-library version: 3.3.4
2024.11.05 11:36:43 INFO  copying runtime jar...
2024.11.05 11:36:53 INFO  [info] welcome to sbt 1.10.1 (Eclipse Adoptium Java 21.0.5)
2024.11.05 11:36:53 INFO  [info] loading settings for project ntt_accel-build-build from metals.sbt ...
2024.11.05 11:36:54 INFO  [info] loading project definition from /Users/atharvakulkarni/Desktop/IITB/BTP/ntt_accel/project/project
2024.11.05 11:37:00 INFO  [info] loading settings for project ntt_accel-build from metals.sbt ...
2024.11.05 11:37:00 INFO  [info] loading project definition from /Users/atharvakulkarni/Desktop/IITB/BTP/ntt_accel/project
2024.11.05 11:37:01 ERROR [info] waiting for lock on /Users/atharvakulkarni/.ivy2/exclude_classifiers.lock to be available...
2024.11.05 11:37:09 INFO  [success] Generated .bloop/ntt_accel-build.json
2024.11.05 11:37:09 INFO  [success] Total time: 8 s, completed 05-Nov-2024, 11:37:09 am
2024.11.05 11:37:10 INFO  [info] loading settings for project ntt_accel from build.sbt ...
2024.11.05 11:37:10 INFO  [info] set current project to ntt_accel (in build file:/Users/atharvakulkarni/Desktop/IITB/BTP/ntt_accel/)
2024.11.05 11:37:32 INFO  [success] Generated .bloop/ntt_accel-test.json
2024.11.05 11:37:32 INFO  [success] Generated .bloop/ntt_accel.json
2024.11.05 11:37:32 INFO  [success] Total time: 22 s, completed 05-Nov-2024, 11:37:32 am
2024.11.05 11:37:32 INFO  time: ran 'sbt bloopInstall' in 49s
2024.11.05 11:37:32 INFO  Attempting to connect to the build server...
2024.11.05 11:37:32 INFO  No running Bloop server found, starting one.
2024.11.05 11:37:58 INFO  Starting compilation server
2024.11.05 11:37:59 INFO  tracing is disabled for protocol BSP, to enable tracing of incoming and outgoing JSON messages create an empty file at /Users/atharvakulkarni/Desktop/IITB/BTP/ntt_accel/.metals/bsp.trace.json or /Users/atharvakulkarni/Library/Caches/org.scalameta.metals/bsp.trace.json
2024.11.05 11:38:07 INFO  Attempting to connect to the build server...
2024.11.05 11:38:07 INFO  Found a Bloop server running
2024.11.05 11:38:07 INFO  tracing is disabled for protocol BSP, to enable tracing of incoming and outgoing JSON messages create an empty file at /Users/atharvakulkarni/Desktop/IITB/BTP/ntt_accel/project/.metals/bsp.trace.json or /Users/atharvakulkarni/Library/Caches/org.scalameta.metals/bsp.trace.json
2024.11.05 11:38:09 INFO  time: Connected to build server in 37s
2024.11.05 11:38:09 INFO  Connected to Build server: Bloop v2.0.3
2024.11.05 11:38:09 INFO  time: Imported build in 0.15s
2024.11.05 11:38:09 INFO  running doctor check
2024.11.05 11:38:09 INFO  java targets: ntt_accel, ntt_accel-test, ntt_accel-build
2024.11.05 11:38:09 WARN  2.12.13 is no longer supported in the current Metals versions, using the last known supported version 1.3.3
2024.11.05 11:38:33 WARN  Flyway upgrade recommended: H2 2.3.232 is newer than this version of Flyway and support has not been tested. The latest supported version of H2 is 2.2.224.
2024.11.05 11:38:55 INFO  time: indexed workspace in 46s
2024.11.05 11:38:56 INFO  skipping build import with status 'Installed'
2024.11.05 11:38:56 INFO  Disconnecting from Bloop session...
2024.11.05 11:38:56 INFO  Shut down connection with build server.
2024.11.05 11:38:56 INFO  Shut down connection with build server.
2024.11.05 11:38:56 INFO  Attempting to connect to the build server...
2024.11.05 11:38:56 INFO  Found a Bloop server running
2024.11.05 11:38:56 INFO  tracing is disabled for protocol BSP, to enable tracing of incoming and outgoing JSON messages create an empty file at /Users/atharvakulkarni/Desktop/IITB/BTP/ntt_accel/.metals/bsp.trace.json or /Users/atharvakulkarni/Library/Caches/org.scalameta.metals/bsp.trace.json
2024.11.05 11:38:56 INFO  Attempting to connect to the build server...
2024.11.05 11:38:56 INFO  Found a Bloop server running
2024.11.05 11:38:56 INFO  tracing is disabled for protocol BSP, to enable tracing of incoming and outgoing JSON messages create an empty file at /Users/atharvakulkarni/Desktop/IITB/BTP/ntt_accel/project/.metals/bsp.trace.json or /Users/atharvakulkarni/Library/Caches/org.scalameta.metals/bsp.trace.json
2024.11.05 11:38:56 INFO  time: Connected to build server in 0.24s
2024.11.05 11:38:56 INFO  Connected to Build server: Bloop v2.0.3
2024.11.05 11:38:57 INFO  running doctor check
2024.11.05 11:38:57 INFO  java targets: ntt_accel, ntt_accel-test, ntt_accel-build
2024.11.05 11:38:59 INFO  time: indexed workspace in 2.4s
2024.11.05 11:39:19 INFO  time: code lens generation in 1.01s
2024.11.05 11:40:29 INFO  compiling ntt_accel (6 scala sources)
Nov 05, 2024 11:40:29 AM scala.meta.internal.pc.CompilerAccess retryWithCleanCompiler
INFO: compiler crashed due to an error in the Scala compiler, retrying with new compiler instance.
Nov 05, 2024 11:40:29 AM scala.meta.internal.pc.CompilerAccess handleError
SEVERE: A severe compiler error occurred, full details of the error can be found in the error report /Users/atharvakulkarni/Desktop/IITB/BTP/ntt_accel/.metals/.reports/metals-full/2024-11-05/r_compiler-error_(ntt_accel)_11-40-29-900.md
Nov 05, 2024 11:40:29 AM scala.meta.internal.pc.CompilerAccess retryWithCleanCompiler
INFO: compiler crashed due to an error in the Scala compiler, retrying with new compiler instance.
Nov 05, 2024 11:40:29 AM scala.meta.internal.pc.CompilerAccess handleError
SEVERE: A severe compiler error occurred, full details of the error can be found in the error report /Users/atharvakulkarni/Desktop/IITB/BTP/ntt_accel/.metals/.reports/metals-full/2024-11-05/r_compiler-error_(ntt_accel)_11-40-29-989.md
2024.11.05 11:40:29 WARN  Could not find semantic tokens for: file:///Users/atharvakulkarni/Desktop/IITB/BTP/ntt_accel/src/main/scala/AddressGenerator.scala
Nov 05, 2024 11:40:30 AM scala.meta.internal.pc.CompilerAccess retryWithCleanCompiler
INFO: compiler crashed due to an error in the Scala compiler, retrying with new compiler instance.
Nov 05, 2024 11:40:30 AM scala.meta.internal.pc.CompilerAccess handleError
SEVERE: A severe compiler error occurred, full details of the error can be found in the error report /Users/atharvakulkarni/Desktop/IITB/BTP/ntt_accel/.metals/.reports/metals-full/2024-11-05/r_compiler-error_(ntt_accel)_11-40-30-360.md
Nov 05, 2024 11:40:30 AM scala.meta.internal.pc.CompilerAccess retryWithCleanCompiler
INFO: compiler crashed due to an error in the Scala compiler, retrying with new compiler instance.
Nov 05, 2024 11:40:30 AM scala.meta.internal.pc.CompilerAccess handleError
SEVERE: A severe compiler error occurred, full details of the error can be found in the error report /Users/atharvakulkarni/Desktop/IITB/BTP/ntt_accel/.metals/.reports/metals-full/2024-11-05/r_compiler-error_(ntt_accel)_11-40-30-553.md
2024.11.05 11:40:31 INFO  time: compiled ntt_accel in 2.3s
Nov 05, 2024 11:40:31 AM scala.meta.internal.pc.CompilerAccess retryWithCleanCompiler
INFO: compiler crashed due to an error in the Scala compiler, retrying with new compiler instance.
Nov 05, 2024 11:40:31 AM scala.meta.internal.pc.CompilerAccess handleError
SEVERE: A severe compiler error occurred, full details of the error can be found in the error report /Users/atharvakulkarni/Desktop/IITB/BTP/ntt_accel/.metals/.reports/metals-full/2024-11-05/r_compiler-error_(ntt_accel)_11-40-31-399.md
2024.11.05 11:40:31 WARN  Could not find semantic tokens for: file:///Users/atharvakulkarni/Desktop/IITB/BTP/ntt_accel/src/main/scala/AddressGenerator.scala
Nov 05, 2024 11:40:31 AM scala.meta.internal.pc.CompilerAccess retryWithCleanCompiler
INFO: compiler crashed due to an error in the Scala compiler, retrying with new compiler instance.
Nov 05, 2024 11:40:31 AM scala.meta.internal.pc.CompilerAccess handleError
SEVERE: A severe compiler error occurred, full details of the error can be found in the error report /Users/atharvakulkarni/Desktop/IITB/BTP/ntt_accel/.metals/.reports/metals-full/2024-11-05/r_compiler-error_(ntt_accel)_11-40-31-892.md
Nov 05, 2024 11:40:33 AM scala.meta.internal.pc.CompilerAccess retryWithCleanCompiler
INFO: compiler crashed due to an error in the Scala compiler, retrying with new compiler instance.
Nov 05, 2024 11:40:33 AM scala.meta.internal.pc.CompilerAccess handleError
SEVERE: A severe compiler error occurred, full details of the error can be found in the error report /Users/atharvakulkarni/Desktop/IITB/BTP/ntt_accel/.metals/.reports/metals-full/2024-11-05/r_compiler-error_(ntt_accel)_11-40-33-557.md
2024.11.05 11:40:36 INFO  compiling ntt_accel (6 scala sources)
2024.11.05 11:40:36 INFO  time: compiled ntt_accel in 97ms
Nov 05, 2024 11:40:36 AM scala.meta.internal.pc.CompilerAccess retryWithCleanCompiler
INFO: compiler crashed due to an error in the Scala compiler, retrying with new compiler instance.
Nov 05, 2024 11:40:36 AM scala.meta.internal.pc.CompilerAccess handleError
SEVERE: A severe compiler error occurred, full details of the error can be found in the error report /Users/atharvakulkarni/Desktop/IITB/BTP/ntt_accel/.metals/.reports/metals-full/2024-11-05/r_compiler-error_(ntt_accel)_11-40-36-240.md
2024.11.05 11:40:36 WARN  Could not find semantic tokens for: file:///Users/atharvakulkarni/Desktop/IITB/BTP/ntt_accel/src/main/scala/AddressGenerator.scala
2024.11.05 11:40:45 INFO  running '/opt/homebrew/bin/sbt -Dbloop.export-jar-classifiers=sources bloopInstall'
2024.11.05 11:40:46 INFO  [info] welcome to sbt 1.10.1 (Eclipse Adoptium Java 21.0.5)
2024.11.05 11:40:46 INFO  [info] loading settings for project ntt_accel-build-build from metals.sbt ...
2024.11.05 11:40:47 INFO  [info] loading project definition from /Users/atharvakulkarni/Desktop/IITB/BTP/ntt_accel/project/project
2024.11.05 11:40:47 INFO  [info] loading settings for project ntt_accel-build from metals.sbt ...
2024.11.05 11:40:47 INFO  [info] loading project definition from /Users/atharvakulkarni/Desktop/IITB/BTP/ntt_accel/project
2024.11.05 11:40:50 INFO  [success] Generated .bloop/ntt_accel-build.json
2024.11.05 11:40:50 INFO  [success] Total time: 2 s, completed 05-Nov-2024, 11:40:50 am
2024.11.05 11:40:51 INFO  [info] loading settings for project ntt_accel from build.sbt ...
2024.11.05 11:40:51 INFO  [info] set current project to nttAccel (in build file:/Users/atharvakulkarni/Desktop/IITB/BTP/ntt_accel/)
2024.11.05 11:40:52 INFO  [success] Generated .bloop/ntt_accel-test.json
2024.11.05 11:40:52 INFO  [success] Generated .bloop/ntt_accel.json
2024.11.05 11:40:52 INFO  [success] Total time: 1 s, completed 05-Nov-2024, 11:40:52 am
2024.11.05 11:40:52 INFO  time: ran 'sbt bloopInstall' in 7.76s
2024.11.05 11:40:53 INFO  Disconnecting from Bloop session...
2024.11.05 11:40:53 INFO  Shut down connection with build server.
2024.11.05 11:40:53 INFO  Shut down connection with build server.
2024.11.05 11:40:53 INFO  Attempting to connect to the build server...
2024.11.05 11:40:53 INFO  Found a Bloop server running
2024.11.05 11:40:53 INFO  tracing is disabled for protocol BSP, to enable tracing of incoming and outgoing JSON messages create an empty file at /Users/atharvakulkarni/Desktop/IITB/BTP/ntt_accel/.metals/bsp.trace.json or /Users/atharvakulkarni/Library/Caches/org.scalameta.metals/bsp.trace.json
2024.11.05 11:40:53 INFO  Attempting to connect to the build server...
2024.11.05 11:40:53 INFO  Found a Bloop server running
2024.11.05 11:40:53 INFO  tracing is disabled for protocol BSP, to enable tracing of incoming and outgoing JSON messages create an empty file at /Users/atharvakulkarni/Desktop/IITB/BTP/ntt_accel/project/.metals/bsp.trace.json or /Users/atharvakulkarni/Library/Caches/org.scalameta.metals/bsp.trace.json
2024.11.05 11:40:53 INFO  time: Connected to build server in 0.24s
2024.11.05 11:40:53 INFO  Connected to Build server: Bloop v2.0.3
2024.11.05 11:40:53 INFO  running doctor check
2024.11.05 11:40:53 INFO  java targets: ntt_accel, ntt_accel-test, ntt_accel-build
2024.11.05 11:40:57 INFO  time: indexed workspace in 3.9s
2024.11.05 11:40:57 INFO  compiling ntt_accel (6 scala sources)
Nov 05, 2024 11:40:57 AM scala.meta.internal.pc.CompilerAccess retryWithCleanCompiler
INFO: compiler crashed due to an error in the Scala compiler, retrying with new compiler instance.
Nov 05, 2024 11:40:57 AM scala.meta.internal.pc.CompilerAccess handleError
SEVERE: A severe compiler error occurred, full details of the error can be found in the error report /Users/atharvakulkarni/Desktop/IITB/BTP/ntt_accel/.metals/.reports/metals-full/2024-11-05/r_compiler-error_(ntt_accel)_11-40-57-515.md
2024.11.05 11:40:57 INFO  time: compiled ntt_accel in 0.2s
2024.11.05 11:41:07 INFO  running '/opt/homebrew/bin/sbt -Dbloop.export-jar-classifiers=sources bloopInstall'
2024.11.05 11:41:08 INFO  [info] welcome to sbt 1.10.1 (Eclipse Adoptium Java 21.0.5)
2024.11.05 11:41:08 INFO  [info] loading settings for project ntt_accel-build-build from metals.sbt ...
2024.11.05 11:41:09 INFO  [info] loading project definition from /Users/atharvakulkarni/Desktop/IITB/BTP/ntt_accel/project/project
2024.11.05 11:41:09 INFO  [info] loading settings for project ntt_accel-build from metals.sbt ...
2024.11.05 11:41:09 INFO  [info] loading project definition from /Users/atharvakulkarni/Desktop/IITB/BTP/ntt_accel/project
2024.11.05 11:41:13 INFO  [success] Generated .bloop/ntt_accel-build.json
2024.11.05 11:41:13 INFO  [success] Total time: 2 s, completed 05-Nov-2024, 11:41:13 am
2024.11.05 11:41:15 INFO  [info] loading settings for project ntt_accel from build.sbt ...
2024.11.05 11:41:15 INFO  [info] set current project to nttAccel (in build file:/Users/atharvakulkarni/Desktop/IITB/BTP/ntt_accel/)
2024.11.05 11:41:18 INFO  [warn] 
2024.11.05 11:41:18 INFO  [warn] 	Note: Unresolved dependencies path:
2024.11.05 11:41:18 INFO  [error] Couldn't run bloopGenerate. The issue could be caused by failing to compile the project.
2024.11.05 11:41:18 INFO  [warn] Removed stale /Users/atharvakulkarni/Desktop/IITB/BTP/ntt_accel/.bloop/ntt_accel-test.json
2024.11.05 11:41:18 INFO  [warn] Removed stale /Users/atharvakulkarni/Desktop/IITB/BTP/ntt_accel/.bloop/ntt_accel.json
2024.11.05 11:41:18 INFO  [error] sbt.librarymanagement.ResolveException: Error downloading edu.berkeley.cs:chisel3-plugin_2.12.20:3.5.3
2024.11.05 11:41:18 INFO  [error]   Not found
2024.11.05 11:41:18 INFO  [error]   Not found
2024.11.05 11:41:18 INFO  [error]   not found: /Users/atharvakulkarni/.ivy2/localedu.berkeley.cs/chisel3-plugin_2.12.20/3.5.3/ivys/ivy.xml
2024.11.05 11:41:18 INFO  [error]   not found: https://repo1.maven.org/maven2/edu/berkeley/cs/chisel3-plugin_2.12.20/3.5.3/chisel3-plugin_2.12.20-3.5.3.pom
2024.11.05 11:41:18 INFO  [error] 	at lmcoursier.CoursierDependencyResolution.unresolvedWarningOrThrow(CoursierDependencyResolution.scala:346)
2024.11.05 11:41:18 INFO  [error] 	at lmcoursier.CoursierDependencyResolution.$anonfun$update$39(CoursierDependencyResolution.scala:315)
2024.11.05 11:41:18 INFO  [error] 	at scala.util.Either$LeftProjection.map(Either.scala:573)
2024.11.05 11:41:18 INFO  [error] 	at lmcoursier.CoursierDependencyResolution.update(CoursierDependencyResolution.scala:315)
2024.11.05 11:41:18 INFO  [error] 	at sbt.librarymanagement.DependencyResolution.update(DependencyResolution.scala:60)
2024.11.05 11:41:18 INFO  [error] 	at sbt.internal.LibraryManagement$.resolve$1(LibraryManagement.scala:60)
2024.11.05 11:41:18 INFO  [error] 	at sbt.internal.LibraryManagement$.$anonfun$cachedUpdate$12(LibraryManagement.scala:142)
2024.11.05 11:41:18 INFO  [error] 	at sbt.util.Tracked$.$anonfun$lastOutput$1(Tracked.scala:74)
2024.11.05 11:41:18 INFO  [error] 	at sbt.internal.LibraryManagement$.$anonfun$cachedUpdate$11(LibraryManagement.scala:144)
2024.11.05 11:41:18 INFO  [error] 	at sbt.internal.LibraryManagement$.$anonfun$cachedUpdate$11$adapted(LibraryManagement.scala:131)
2024.11.05 11:41:18 INFO  [error] 	at sbt.util.Tracked$.$anonfun$inputChangedW$1(Tracked.scala:220)
2024.11.05 11:41:18 INFO  [error] 	at sbt.internal.LibraryManagement$.cachedUpdate(LibraryManagement.scala:169)
2024.11.05 11:41:18 INFO  [error] 	at sbt.Classpaths$.$anonfun$updateTask0$1(Defaults.scala:3867)
2024.11.05 11:41:18 INFO  [error] 	at scala.Function1.$anonfun$compose$1(Function1.scala:49)
2024.11.05 11:41:18 INFO  [error] 	at sbt.internal.util.$tilde$greater.$anonfun$$u2219$1(TypeFunctions.scala:63)
2024.11.05 11:41:18 INFO  [error] 	at sbt.std.Transform$$anon$4.work(Transform.scala:69)
2024.11.05 11:41:18 INFO  [error] 	at sbt.Execute.$anonfun$submit$2(Execute.scala:283)
2024.11.05 11:41:18 INFO  [error] 	at sbt.internal.util.ErrorHandling$.wideConvert(ErrorHandling.scala:24)
2024.11.05 11:41:18 INFO  [error] 	at sbt.Execute.work(Execute.scala:292)
2024.11.05 11:41:18 INFO  [error] 	at sbt.Execute.$anonfun$submit$1(Execute.scala:283)
2024.11.05 11:41:18 INFO  [error] 	at sbt.ConcurrentRestrictions$$anon$4.$anonfun$submitValid$1(ConcurrentRestrictions.scala:265)
2024.11.05 11:41:18 INFO  [error] 	at sbt.CompletionService$$anon$2.call(CompletionService.scala:65)
2024.11.05 11:41:18 INFO  [error] 	at java.base/java.util.concurrent.FutureTask.run(FutureTask.java:317)
2024.11.05 11:41:18 INFO  [error] 	at java.base/java.util.concurrent.Executors$RunnableAdapter.call(Executors.java:572)
2024.11.05 11:41:18 INFO  [error] 	at java.base/java.util.concurrent.FutureTask.run(FutureTask.java:317)
2024.11.05 11:41:18 INFO  [error] 	at java.base/java.util.concurrent.ThreadPoolExecutor.runWorker(ThreadPoolExecutor.java:1144)
2024.11.05 11:41:18 INFO  [error] 	at java.base/java.util.concurrent.ThreadPoolExecutor$Worker.run(ThreadPoolExecutor.java:642)
2024.11.05 11:41:18 INFO  [error] 	at java.base/java.lang.Thread.run(Thread.java:1583)
2024.11.05 11:41:18 INFO  [error] (update) sbt.librarymanagement.ResolveException: Error downloading edu.berkeley.cs:chisel3-plugin_2.12.20:3.5.3
2024.11.05 11:41:18 INFO  [error]   Not found
2024.11.05 11:41:18 INFO  [error]   Not found
2024.11.05 11:41:18 INFO  [error]   not found: /Users/atharvakulkarni/.ivy2/localedu.berkeley.cs/chisel3-plugin_2.12.20/3.5.3/ivys/ivy.xml
2024.11.05 11:41:18 INFO  [error]   not found: https://repo1.maven.org/maven2/edu/berkeley/cs/chisel3-plugin_2.12.20/3.5.3/chisel3-plugin_2.12.20-3.5.3.pom
2024.11.05 11:41:18 INFO  [error] Total time: 3 s, completed 05-Nov-2024, 11:41:18 am
2024.11.05 11:41:19 INFO  time: ran 'sbt bloopInstall' in 11s
2024.11.05 11:41:19 INFO  Disconnecting from Bloop session...
2024.11.05 11:41:19 ERROR sbt command failed: /opt/homebrew/bin/sbt -Dbloop.export-jar-classifiers=sources bloopInstall
2024.11.05 11:41:19 INFO  Shut down connection with build server.
2024.11.05 11:41:19 INFO  Shut down connection with build server.
2024.11.05 11:41:19 INFO  Attempting to connect to the build server...
2024.11.05 11:41:19 INFO  Found a Bloop server running
2024.11.05 11:41:19 INFO  tracing is disabled for protocol BSP, to enable tracing of incoming and outgoing JSON messages create an empty file at /Users/atharvakulkarni/Desktop/IITB/BTP/ntt_accel/.metals/bsp.trace.json or /Users/atharvakulkarni/Library/Caches/org.scalameta.metals/bsp.trace.json
2024.11.05 11:41:19 INFO  Attempting to connect to the build server...
2024.11.05 11:41:19 INFO  Found a Bloop server running
2024.11.05 11:41:19 INFO  tracing is disabled for protocol BSP, to enable tracing of incoming and outgoing JSON messages create an empty file at /Users/atharvakulkarni/Desktop/IITB/BTP/ntt_accel/project/.metals/bsp.trace.json or /Users/atharvakulkarni/Library/Caches/org.scalameta.metals/bsp.trace.json
2024.11.05 11:41:19 INFO  time: Connected to build server in 0.25s
2024.11.05 11:41:19 INFO  Connected to Build server: Bloop v2.0.3
2024.11.05 11:41:19 INFO  running doctor check
2024.11.05 11:41:19 INFO  java targets: ntt_accel-build
2024.11.05 11:41:21 INFO  time: indexed workspace in 2.08s
2024.11.05 11:41:21 WARN  no build target for: /Users/atharvakulkarni/Desktop/IITB/BTP/ntt_accel/src/main/scala/AddressGenerator.scala
2024.11.05 11:42:53 INFO  time: code lens generation in 1.8s
2024.11.05 11:44:53 INFO  no build target found for /Users/atharvakulkarni/Desktop/IITB/BTP/ntt_accel/src/main/scala/AddressGenerator.scala. Using presentation compiler with project's scala-library version: 2.12.19
2024.11.05 21:28:12 INFO  no build target found for /Users/atharvakulkarni/Desktop/IITB/BTP/ntt_accel/src/test/scala/NTT_test.scala. Using presentation compiler with project's scala-library version: 2.12.19
2024.11.05 21:28:12 INFO  no build target found for /Users/atharvakulkarni/Desktop/IITB/BTP/ntt_accel/src/test/scala/NTT_test.scala. Using presentation compiler with project's scala-library version: 2.12.19
2024.11.05 21:29:47 INFO  Shutting down server
2024.11.05 21:29:47 INFO  shutting down Metals
2024.11.05 21:29:47 INFO  Shut down connection with build server.
2024.11.05 21:29:47 INFO  Shut down connection with build server.
2024.11.05 21:29:47 INFO  Exiting server
2024.11.05 21:29:51 INFO  Started: Metals version 1.4.0 in folders '/Users/atharvakulkarni/Desktop/IITB/BTP/ntt_accel, /Users/atharvakulkarni/Desktop/IITB/BTP/Unified_NTT_INTT_AXIStream' for client Visual Studio Code 1.94.2.
2024.11.05 21:29:51 WARN  Flyway upgrade recommended: H2 2.3.232 is newer than this version of Flyway and support has not been tested. The latest supported version of H2 is 2.2.224.
2024.11.05 21:29:52 INFO  Attempting to connect to the build server...
2024.11.05 21:29:52 INFO  Found a Bloop server running
2024.11.05 21:29:52 WARN  Flyway upgrade recommended: H2 2.3.232 is newer than this version of Flyway and support has not been tested. The latest supported version of H2 is 2.2.224.
2024.11.05 21:29:52 INFO  no build target found for /Users/atharvakulkarni/Desktop/IITB/BTP/ntt_accel/src/test/scala/NTT_test.scala. Using presentation compiler with project's scala-library version: 3.3.4
2024.11.05 21:29:52 INFO  tracing is disabled for protocol BSP, to enable tracing of incoming and outgoing JSON messages create an empty file at /Users/atharvakulkarni/Desktop/IITB/BTP/ntt_accel/.metals/bsp.trace.json or /Users/atharvakulkarni/Library/Caches/org.scalameta.metals/bsp.trace.json
2024.11.05 21:29:52 INFO  Attempting to connect to the build server...
2024.11.05 21:29:52 INFO  Found a Bloop server running
2024.11.05 21:29:52 INFO  tracing is disabled for protocol BSP, to enable tracing of incoming and outgoing JSON messages create an empty file at /Users/atharvakulkarni/Desktop/IITB/BTP/ntt_accel/project/.metals/bsp.trace.json or /Users/atharvakulkarni/Library/Caches/org.scalameta.metals/bsp.trace.json
2024.11.05 21:29:52 INFO  time: Connected to build server in 0.46s
2024.11.05 21:29:52 INFO  Connected to Build server: Bloop v2.0.3
2024.11.05 21:29:53 INFO  running doctor check
2024.11.05 21:29:53 INFO  java targets: ntt_accel-build
2024.11.05 21:29:56 WARN  Build server is not auto-connectable.
2024.11.05 21:29:57 WARN  Flyway upgrade recommended: H2 2.3.232 is newer than this version of Flyway and support has not been tested. The latest supported version of H2 is 2.2.224.
2024.11.05 21:29:57 INFO  time: indexed workspace in 4.99s
2024.11.05 21:29:58 WARN  no build target for: /Users/atharvakulkarni/Desktop/IITB/BTP/ntt_accel/src/test/scala/NTT_test.scala
2024.11.05 21:29:57 INFO  no build target found for /Users/atharvakulkarni/Desktop/IITB/BTP/ntt_accel/src/test/scala/NTT_test.scala. Using presentation compiler with project's scala-library version: 2.12.19
2024.11.05 21:29:58 INFO  no build target found for /Users/atharvakulkarni/Desktop/IITB/BTP/ntt_accel/src/test/scala/NTT_test.scala. Using presentation compiler with project's scala-library version: 2.12.19
2024.11.05 21:29:59 INFO  time: code lens generation in 1.11s
2024.11.05 21:29:59 INFO  time: code lens generation in 1.39s
2024.11.05 21:29:59 INFO  time: code lens generation in 1.39s
2024.11.05 21:30:12 INFO  no build target found for /Users/atharvakulkarni/Desktop/IITB/BTP/Unified_NTT_INTT_AXIStream/hw/spinal/projectname/NTT.scala. Using presentation compiler with project's scala-library version: 3.3.4
2024.11.05 21:30:12 INFO  no build target found for /Users/atharvakulkarni/Desktop/IITB/BTP/Unified_NTT_INTT_AXIStream/hw/spinal/projectname/NTT.scala. Using presentation compiler with project's scala-library version: 3.3.4
2024.11.05 21:30:20 INFO  no build target found for /Users/atharvakulkarni/Desktop/IITB/BTP/Unified_NTT_INTT_AXIStream/hw/spinal/projectname/NTT.scala. Using presentation compiler with project's scala-library version: 3.3.4
2024.11.05 21:30:20 INFO  no build target found for /Users/atharvakulkarni/Desktop/IITB/BTP/Unified_NTT_INTT_AXIStream/hw/spinal/projectname/NTT.scala. Using presentation compiler with project's scala-library version: 3.3.4
2024.11.05 21:30:20 INFO  no build target found for /Users/atharvakulkarni/Desktop/IITB/BTP/Unified_NTT_INTT_AXIStream/hw/spinal/projectname/NTT.scala. Using presentation compiler with project's scala-library version: 3.3.4
Nov 05, 2024 9:30:20 PM org.eclipse.lsp4j.jsonrpc.RemoteEndpoint handleCancellation
WARNING: Unmatched cancel notification for request id 17
Nov 05, 2024 9:30:20 PM org.eclipse.lsp4j.jsonrpc.RemoteEndpoint handleCancellation
WARNING: Unmatched cancel notification for request id 20
Nov 05, 2024 9:30:20 PM org.eclipse.lsp4j.jsonrpc.RemoteEndpoint handleCancellation
WARNING: Unmatched cancel notification for request id 23
Nov 05, 2024 9:30:20 PM org.eclipse.lsp4j.jsonrpc.RemoteEndpoint handleCancellation
WARNING: Unmatched cancel notification for request id 18
Nov 05, 2024 9:30:20 PM org.eclipse.lsp4j.jsonrpc.RemoteEndpoint handleCancellation
WARNING: Unmatched cancel notification for request id 14
Nov 05, 2024 9:30:20 PM org.eclipse.lsp4j.jsonrpc.RemoteEndpoint handleCancellation
WARNING: Unmatched cancel notification for request id 15
2024.11.05 21:30:20 INFO  no build target found for /Users/atharvakulkarni/Desktop/IITB/BTP/Unified_NTT_INTT_AXIStream/hw/spinal/projectname/NTT.scala. Using presentation compiler with project's scala-library version: 3.3.4
2024.11.05 21:30:22 INFO  time: code lens generation in 1.57s
2024.11.05 21:30:22 INFO  no build target found for /Users/atharvakulkarni/Desktop/IITB/BTP/ntt_accel/src/test/scala/NTT_test.scala. Using presentation compiler with project's scala-library version: 2.12.19
2024.11.05 21:30:59 INFO  no build target found for /Users/atharvakulkarni/Desktop/IITB/BTP/ntt_accel/src/test/scala/NTT_test.scala. Using presentation compiler with project's scala-library version: 2.12.19
2024.11.05 21:31:05 INFO  no build target found for /Users/atharvakulkarni/Desktop/IITB/BTP/ntt_accel/src/test/scala/NTT_test.scala. Using presentation compiler with project's scala-library version: 2.12.19
2024.11.05 21:34:26 INFO  no build target found for /Users/atharvakulkarni/Desktop/IITB/BTP/ntt_accel/src/main/scala/NTT.scala. Using presentation compiler with project's scala-library version: 2.12.19
2024.11.05 21:34:26 INFO  no build target found for /Users/atharvakulkarni/Desktop/IITB/BTP/ntt_accel/src/main/scala/NTT.scala. Using presentation compiler with project's scala-library version: 2.12.19
2024.11.05 21:34:26 INFO  no build target found for /Users/atharvakulkarni/Desktop/IITB/BTP/ntt_accel/src/main/scala/NTT.scala. Using presentation compiler with project's scala-library version: 2.12.19
2024.11.05 21:34:26 INFO  no build target found for /Users/atharvakulkarni/Desktop/IITB/BTP/ntt_accel/src/main/scala/NTT.scala. Using presentation compiler with project's scala-library version: 2.12.19
2024.11.05 21:34:27 INFO  no build target found for /Users/atharvakulkarni/Desktop/IITB/BTP/ntt_accel/src/main/scala/NTT.scala. Using presentation compiler with project's scala-library version: 2.12.19
2024.11.05 21:34:27 INFO  no build target found for /Users/atharvakulkarni/Desktop/IITB/BTP/ntt_accel/src/main/scala/NTT.scala. Using presentation compiler with project's scala-library version: 2.12.19
2024.11.05 21:34:27 INFO  no build target found for /Users/atharvakulkarni/Desktop/IITB/BTP/ntt_accel/src/main/scala/NTT.scala. Using presentation compiler with project's scala-library version: 2.12.19
2024.11.05 21:34:27 INFO  no build target found for /Users/atharvakulkarni/Desktop/IITB/BTP/ntt_accel/src/main/scala/NTT.scala. Using presentation compiler with project's scala-library version: 2.12.19
2024.11.05 21:34:39 INFO  no build target found for /Users/atharvakulkarni/Desktop/IITB/BTP/ntt_accel/src/main/scala/NTT.scala. Using presentation compiler with project's scala-library version: 2.12.19
2024.11.05 21:34:41 INFO  no build target found for /Users/atharvakulkarni/Desktop/IITB/BTP/ntt_accel/src/main/scala/NTT.scala. Using presentation compiler with project's scala-library version: 2.12.19
2024.11.05 21:36:49 INFO  no build target found for /Users/atharvakulkarni/Desktop/IITB/BTP/ntt_accel/src/main/scala/NTT.scala. Using presentation compiler with project's scala-library version: 2.12.19
2024.11.05 21:36:49 INFO  no build target found for /Users/atharvakulkarni/Desktop/IITB/BTP/ntt_accel/src/main/scala/NTT.scala. Using presentation compiler with project's scala-library version: 2.12.19
2024.11.05 21:36:50 INFO  no build target found for /Users/atharvakulkarni/Desktop/IITB/BTP/ntt_accel/src/main/scala/NTT.scala. Using presentation compiler with project's scala-library version: 2.12.19
2024.11.05 21:36:52 INFO  no build target found for /Users/atharvakulkarni/Desktop/IITB/BTP/ntt_accel/src/test/scala/NTT_test.scala. Using presentation compiler with project's scala-library version: 2.12.19
2024.11.05 21:36:52 INFO  no build target found for /Users/atharvakulkarni/Desktop/IITB/BTP/ntt_accel/src/test/scala/NTT_test.scala. Using presentation compiler with project's scala-library version: 2.12.19
2024.11.05 21:36:53 INFO  no build target found for /Users/atharvakulkarni/Desktop/IITB/BTP/ntt_accel/src/test/scala/NTT_test.scala. Using presentation compiler with project's scala-library version: 2.12.19
2024.11.05 21:36:53 INFO  no build target found for /Users/atharvakulkarni/Desktop/IITB/BTP/ntt_accel/src/test/scala/NTT_test.scala. Using presentation compiler with project's scala-library version: 2.12.19
2024.11.05 21:36:53 WARN  no build target for: /Users/atharvakulkarni/Desktop/IITB/BTP/ntt_accel/src/test/scala/NTT_test.scala
2024.11.05 21:36:53 INFO  no build target found for /Users/atharvakulkarni/Desktop/IITB/BTP/ntt_accel/src/test/scala/NTT_test.scala. Using presentation compiler with project's scala-library version: 2.12.19
2024.11.05 21:41:26 INFO  no build target found for /Users/atharvakulkarni/Desktop/IITB/BTP/ntt_accel/src/test/scala/NTT_test.scala. Using presentation compiler with project's scala-library version: 2.12.19
2024.11.05 21:41:26 INFO  no build target found for /Users/atharvakulkarni/Desktop/IITB/BTP/ntt_accel/src/test/scala/NTT_test.scala. Using presentation compiler with project's scala-library version: 2.12.19
2024.11.05 21:41:28 INFO  no build target found for /Users/atharvakulkarni/Desktop/IITB/BTP/ntt_accel/src/test/scala/NTT_test.scala. Using presentation compiler with project's scala-library version: 2.12.19
2024.11.05 21:41:34 INFO  skipping build import with status 'Dismissed'
2024.11.05 22:32:31 INFO  skipping build import with status 'Dismissed'
2024.11.05 22:32:33 INFO  time: code lens generation in 2.37s
2024.11.05 22:32:33 INFO  time: code lens generation in 1.95s
2024.11.05 22:32:33 INFO  time: code lens generation in 1.07s
2024.11.05 22:39:32 INFO  skipping build import with status 'Dismissed'
2024.11.05 22:39:56 INFO  no build target found for /Users/atharvakulkarni/Desktop/IITB/BTP/ntt_accel/src/test/scala/NTT_test.scala. Using presentation compiler with project's scala-library version: 2.12.19
2024.11.05 22:39:56 INFO  no build target found for /Users/atharvakulkarni/Desktop/IITB/BTP/ntt_accel/src/test/scala/NTT_test.scala. Using presentation compiler with project's scala-library version: 2.12.19
2024.11.05 22:39:56 INFO  no build target found for /Users/atharvakulkarni/Desktop/IITB/BTP/ntt_accel/src/test/scala/NTT_test.scala. Using presentation compiler with project's scala-library version: 2.12.19
2024.11.05 22:39:57 INFO  no build target found for /Users/atharvakulkarni/Desktop/IITB/BTP/ntt_accel/src/test/scala/NTT_test.scala. Using presentation compiler with project's scala-library version: 2.12.19
2024.11.05 22:40:00 INFO  no build target found for /Users/atharvakulkarni/Desktop/IITB/BTP/ntt_accel/src/main/scala/NTT.scala. Using presentation compiler with project's scala-library version: 2.12.19
2024.11.05 22:40:00 INFO  no build target found for /Users/atharvakulkarni/Desktop/IITB/BTP/ntt_accel/src/main/scala/NTT.scala. Using presentation compiler with project's scala-library version: 2.12.19
2024.11.05 22:40:01 INFO  no build target found for /Users/atharvakulkarni/Desktop/IITB/BTP/ntt_accel/src/main/scala/NTT.scala. Using presentation compiler with project's scala-library version: 2.12.19
2024.11.05 22:40:00 INFO  no build target found for /Users/atharvakulkarni/Desktop/IITB/BTP/ntt_accel/src/main/scala/NTT.scala. Using presentation compiler with project's scala-library version: 2.12.19
2024.11.05 22:40:00 INFO  no build target found for /Users/atharvakulkarni/Desktop/IITB/BTP/ntt_accel/src/main/scala/NTT.scala. Using presentation compiler with project's scala-library version: 2.12.19
2024.11.05 22:40:04 INFO  no build target found for /Users/atharvakulkarni/Desktop/IITB/BTP/ntt_accel/src/test/scala/NTT_test.scala. Using presentation compiler with project's scala-library version: 2.12.19
2024.11.05 22:40:04 INFO  no build target found for /Users/atharvakulkarni/Desktop/IITB/BTP/ntt_accel/src/test/scala/NTT_test.scala. Using presentation compiler with project's scala-library version: 2.12.19
2024.11.05 22:40:04 INFO  no build target found for /Users/atharvakulkarni/Desktop/IITB/BTP/ntt_accel/src/test/scala/NTT_test.scala. Using presentation compiler with project's scala-library version: 2.12.19
2024.11.05 22:40:04 INFO  no build target found for /Users/atharvakulkarni/Desktop/IITB/BTP/ntt_accel/src/test/scala/NTT_test.scala. Using presentation compiler with project's scala-library version: 2.12.19
2024.11.05 22:40:33 INFO  no build target found for /Users/atharvakulkarni/Desktop/IITB/BTP/ntt_accel/src/main/scala/NTT.scala. Using presentation compiler with project's scala-library version: 2.12.19
2024.11.05 22:40:33 INFO  no build target found for /Users/atharvakulkarni/Desktop/IITB/BTP/ntt_accel/src/main/scala/NTT.scala. Using presentation compiler with project's scala-library version: 2.12.19
2024.11.05 22:40:33 INFO  no build target found for /Users/atharvakulkarni/Desktop/IITB/BTP/ntt_accel/src/main/scala/NTT.scala. Using presentation compiler with project's scala-library version: 2.12.19
2024.11.05 22:40:33 INFO  no build target found for /Users/atharvakulkarni/Desktop/IITB/BTP/ntt_accel/src/main/scala/NTT.scala. Using presentation compiler with project's scala-library version: 2.12.19
2024.11.05 22:40:35 INFO  no build target found for /Users/atharvakulkarni/Desktop/IITB/BTP/ntt_accel/src/main/scala/NTT.scala. Using presentation compiler with project's scala-library version: 2.12.19
2024.11.05 22:41:06 INFO  no build target found for /Users/atharvakulkarni/Desktop/IITB/BTP/ntt_accel/src/main/scala/NTT.scala. Using presentation compiler with project's scala-library version: 2.12.19
2024.11.05 22:41:06 INFO  no build target found for /Users/atharvakulkarni/Desktop/IITB/BTP/ntt_accel/src/main/scala/NTT.scala. Using presentation compiler with project's scala-library version: 2.12.19
2024.11.05 22:41:06 INFO  no build target found for /Users/atharvakulkarni/Desktop/IITB/BTP/ntt_accel/src/main/scala/NTT.scala. Using presentation compiler with project's scala-library version: 2.12.19
2024.11.05 22:45:07 INFO  no build target found for /Users/atharvakulkarni/Desktop/IITB/BTP/ntt_accel/src/test/scala/NTT_test.scala. Using presentation compiler with project's scala-library version: 2.12.19
2024.11.05 22:45:07 INFO  no build target found for /Users/atharvakulkarni/Desktop/IITB/BTP/ntt_accel/src/test/scala/NTT_test.scala. Using presentation compiler with project's scala-library version: 2.12.19
2024.11.05 22:45:07 INFO  no build target found for /Users/atharvakulkarni/Desktop/IITB/BTP/ntt_accel/src/test/scala/NTT_test.scala. Using presentation compiler with project's scala-library version: 2.12.19
2024.11.05 22:45:07 INFO  no build target found for /Users/atharvakulkarni/Desktop/IITB/BTP/ntt_accel/src/test/scala/NTT_test.scala. Using presentation compiler with project's scala-library version: 2.12.19
2024.11.05 22:45:09 INFO  no build target found for /Users/atharvakulkarni/Desktop/IITB/BTP/ntt_accel/src/main/scala/NTT.scala. Using presentation compiler with project's scala-library version: 2.12.19
2024.11.05 22:45:09 INFO  no build target found for /Users/atharvakulkarni/Desktop/IITB/BTP/ntt_accel/src/main/scala/NTT.scala. Using presentation compiler with project's scala-library version: 2.12.19
2024.11.05 22:45:09 INFO  no build target found for /Users/atharvakulkarni/Desktop/IITB/BTP/ntt_accel/src/main/scala/NTT.scala. Using presentation compiler with project's scala-library version: 2.12.19
2024.11.05 22:45:09 INFO  no build target found for /Users/atharvakulkarni/Desktop/IITB/BTP/ntt_accel/src/main/scala/NTT.scala. Using presentation compiler with project's scala-library version: 2.12.19
2024.11.05 22:45:10 INFO  no build target found for /Users/atharvakulkarni/Desktop/IITB/BTP/ntt_accel/src/test/scala/NTT_test.scala. Using presentation compiler with project's scala-library version: 2.12.19
2024.11.05 22:45:10 INFO  no build target found for /Users/atharvakulkarni/Desktop/IITB/BTP/ntt_accel/src/test/scala/NTT_test.scala. Using presentation compiler with project's scala-library version: 2.12.19
2024.11.05 22:45:10 INFO  no build target found for /Users/atharvakulkarni/Desktop/IITB/BTP/ntt_accel/src/test/scala/NTT_test.scala. Using presentation compiler with project's scala-library version: 2.12.19
2024.11.05 22:45:10 INFO  no build target found for /Users/atharvakulkarni/Desktop/IITB/BTP/ntt_accel/src/test/scala/NTT_test.scala. Using presentation compiler with project's scala-library version: 2.12.19
2024.11.05 22:45:10 INFO  no build target found for /Users/atharvakulkarni/Desktop/IITB/BTP/ntt_accel/src/test/scala/NTT_test.scala. Using presentation compiler with project's scala-library version: 2.12.19
2024.11.05 22:45:10 INFO  no build target found for /Users/atharvakulkarni/Desktop/IITB/BTP/ntt_accel/src/test/scala/NTT_test.scala. Using presentation compiler with project's scala-library version: 2.12.19
2024.11.05 22:45:11 INFO  no build target found for /Users/atharvakulkarni/Desktop/IITB/BTP/ntt_accel/src/test/scala/NTT_test.scala. Using presentation compiler with project's scala-library version: 2.12.19
2024.11.05 22:45:11 INFO  no build target found for /Users/atharvakulkarni/Desktop/IITB/BTP/ntt_accel/src/test/scala/NTT_test.scala. Using presentation compiler with project's scala-library version: 2.12.19
2024.11.05 22:45:11 INFO  no build target found for /Users/atharvakulkarni/Desktop/IITB/BTP/ntt_accel/src/test/scala/NTT_test.scala. Using presentation compiler with project's scala-library version: 2.12.19
2024.11.05 22:45:12 INFO  no build target found for /Users/atharvakulkarni/Desktop/IITB/BTP/ntt_accel/src/test/scala/NTT_test.scala. Using presentation compiler with project's scala-library version: 2.12.19
2024.11.05 22:45:12 INFO  no build target found for /Users/atharvakulkarni/Desktop/IITB/BTP/ntt_accel/src/test/scala/NTT_test.scala. Using presentation compiler with project's scala-library version: 2.12.19
2024.11.05 22:45:12 INFO  no build target found for /Users/atharvakulkarni/Desktop/IITB/BTP/ntt_accel/src/test/scala/NTT_test.scala. Using presentation compiler with project's scala-library version: 2.12.19
2024.11.05 22:45:13 INFO  no build target found for /Users/atharvakulkarni/Desktop/IITB/BTP/ntt_accel/src/test/scala/NTT_test.scala. Using presentation compiler with project's scala-library version: 2.12.19
2024.11.05 22:45:13 INFO  no build target found for /Users/atharvakulkarni/Desktop/IITB/BTP/ntt_accel/src/test/scala/NTT_test.scala. Using presentation compiler with project's scala-library version: 2.12.19
2024.11.05 22:45:12 INFO  no build target found for /Users/atharvakulkarni/Desktop/IITB/BTP/ntt_accel/src/test/scala/NTT_test.scala. Using presentation compiler with project's scala-library version: 2.12.19
2024.11.05 22:45:13 INFO  no build target found for /Users/atharvakulkarni/Desktop/IITB/BTP/ntt_accel/src/test/scala/NTT_test.scala. Using presentation compiler with project's scala-library version: 2.12.19
2024.11.05 22:45:13 INFO  no build target found for /Users/atharvakulkarni/Desktop/IITB/BTP/ntt_accel/src/test/scala/NTT_test.scala. Using presentation compiler with project's scala-library version: 2.12.19
2024.11.05 22:45:13 INFO  no build target found for /Users/atharvakulkarni/Desktop/IITB/BTP/ntt_accel/src/test/scala/NTT_test.scala. Using presentation compiler with project's scala-library version: 2.12.19
2024.11.05 22:45:13 WARN  no build target for: /Users/atharvakulkarni/Desktop/IITB/BTP/ntt_accel/src/test/scala/NTT_test.scala
2024.11.05 22:45:14 INFO  no build target found for /Users/atharvakulkarni/Desktop/IITB/BTP/ntt_accel/src/test/scala/NTT_test.scala. Using presentation compiler with project's scala-library version: 2.12.19
2024.11.05 22:45:21 INFO  no build target found for /Users/atharvakulkarni/Desktop/IITB/BTP/ntt_accel/src/test/scala/NTT_test.scala. Using presentation compiler with project's scala-library version: 2.12.19
2024.11.05 22:45:35 INFO  no build target found for /Users/atharvakulkarni/Desktop/IITB/BTP/ntt_accel/src/test/scala/NTT_test.scala. Using presentation compiler with project's scala-library version: 2.12.19
2024.11.05 22:45:37 INFO  no build target found for /Users/atharvakulkarni/Desktop/IITB/BTP/ntt_accel/src/test/scala/NTT_test.scala. Using presentation compiler with project's scala-library version: 2.12.19
2024.11.05 22:45:37 INFO  no build target found for /Users/atharvakulkarni/Desktop/IITB/BTP/ntt_accel/src/test/scala/NTT_test.scala. Using presentation compiler with project's scala-library version: 2.12.19
2024.11.05 22:45:37 INFO  no build target found for /Users/atharvakulkarni/Desktop/IITB/BTP/ntt_accel/src/test/scala/NTT_test.scala. Using presentation compiler with project's scala-library version: 2.12.19
2024.11.05 22:45:38 INFO  no build target found for /Users/atharvakulkarni/Desktop/IITB/BTP/ntt_accel/src/test/scala/NTT_test.scala. Using presentation compiler with project's scala-library version: 2.12.19
2024.11.05 22:45:38 INFO  no build target found for /Users/atharvakulkarni/Desktop/IITB/BTP/ntt_accel/src/test/scala/NTT_test.scala. Using presentation compiler with project's scala-library version: 2.12.19
2024.11.05 22:45:38 INFO  no build target found for /Users/atharvakulkarni/Desktop/IITB/BTP/ntt_accel/src/test/scala/NTT_test.scala. Using presentation compiler with project's scala-library version: 2.12.19
2024.11.05 22:45:39 INFO  no build target found for /Users/atharvakulkarni/Desktop/IITB/BTP/ntt_accel/src/test/scala/NTT_test.scala. Using presentation compiler with project's scala-library version: 2.12.19
2024.11.05 22:45:39 INFO  no build target found for /Users/atharvakulkarni/Desktop/IITB/BTP/ntt_accel/src/test/scala/NTT_test.scala. Using presentation compiler with project's scala-library version: 2.12.19
2024.11.05 22:45:40 INFO  no build target found for /Users/atharvakulkarni/Desktop/IITB/BTP/ntt_accel/src/test/scala/NTT_test.scala. Using presentation compiler with project's scala-library version: 2.12.19
2024.11.05 22:45:40 INFO  no build target found for /Users/atharvakulkarni/Desktop/IITB/BTP/ntt_accel/src/test/scala/NTT_test.scala. Using presentation compiler with project's scala-library version: 2.12.19
2024.11.05 22:45:40 INFO  no build target found for /Users/atharvakulkarni/Desktop/IITB/BTP/ntt_accel/src/test/scala/NTT_test.scala. Using presentation compiler with project's scala-library version: 2.12.19
2024.11.05 22:45:41 INFO  no build target found for /Users/atharvakulkarni/Desktop/IITB/BTP/ntt_accel/src/test/scala/NTT_test.scala. Using presentation compiler with project's scala-library version: 2.12.19
2024.11.05 22:45:41 INFO  no build target found for /Users/atharvakulkarni/Desktop/IITB/BTP/ntt_accel/src/test/scala/NTT_test.scala. Using presentation compiler with project's scala-library version: 2.12.19
2024.11.05 22:45:40 INFO  no build target found for /Users/atharvakulkarni/Desktop/IITB/BTP/ntt_accel/src/test/scala/NTT_test.scala. Using presentation compiler with project's scala-library version: 2.12.19
2024.11.05 22:45:40 INFO  no build target found for /Users/atharvakulkarni/Desktop/IITB/BTP/ntt_accel/src/test/scala/NTT_test.scala. Using presentation compiler with project's scala-library version: 2.12.19
2024.11.05 22:45:41 INFO  no build target found for /Users/atharvakulkarni/Desktop/IITB/BTP/ntt_accel/src/test/scala/NTT_test.scala. Using presentation compiler with project's scala-library version: 2.12.19
2024.11.05 22:45:41 INFO  no build target found for /Users/atharvakulkarni/Desktop/IITB/BTP/ntt_accel/src/test/scala/NTT_test.scala. Using presentation compiler with project's scala-library version: 2.12.19
2024.11.05 22:45:41 INFO  no build target found for /Users/atharvakulkarni/Desktop/IITB/BTP/ntt_accel/src/test/scala/NTT_test.scala. Using presentation compiler with project's scala-library version: 2.12.19
2024.11.05 22:45:41 INFO  no build target found for /Users/atharvakulkarni/Desktop/IITB/BTP/ntt_accel/src/test/scala/NTT_test.scala. Using presentation compiler with project's scala-library version: 2.12.19
2024.11.05 22:45:41 INFO  no build target found for /Users/atharvakulkarni/Desktop/IITB/BTP/ntt_accel/src/test/scala/NTT_test.scala. Using presentation compiler with project's scala-library version: 2.12.19
2024.11.05 22:45:41 INFO  no build target found for /Users/atharvakulkarni/Desktop/IITB/BTP/ntt_accel/src/test/scala/NTT_test.scala. Using presentation compiler with project's scala-library version: 2.12.19
2024.11.05 22:45:41 INFO  no build target found for /Users/atharvakulkarni/Desktop/IITB/BTP/ntt_accel/src/test/scala/NTT_test.scala. Using presentation compiler with project's scala-library version: 2.12.19
2024.11.05 22:45:42 INFO  no build target found for /Users/atharvakulkarni/Desktop/IITB/BTP/ntt_accel/src/test/scala/NTT_test.scala. Using presentation compiler with project's scala-library version: 2.12.19
2024.11.05 22:45:42 INFO  no build target found for /Users/atharvakulkarni/Desktop/IITB/BTP/ntt_accel/src/test/scala/NTT_test.scala. Using presentation compiler with project's scala-library version: 2.12.19
2024.11.05 22:45:41 INFO  no build target found for /Users/atharvakulkarni/Desktop/IITB/BTP/ntt_accel/src/test/scala/NTT_test.scala. Using presentation compiler with project's scala-library version: 2.12.19
2024.11.05 22:45:42 INFO  no build target found for /Users/atharvakulkarni/Desktop/IITB/BTP/ntt_accel/src/test/scala/NTT_test.scala. Using presentation compiler with project's scala-library version: 2.12.19
2024.11.05 22:45:42 INFO  no build target found for /Users/atharvakulkarni/Desktop/IITB/BTP/ntt_accel/src/test/scala/NTT_test.scala. Using presentation compiler with project's scala-library version: 2.12.19
2024.11.05 22:45:42 INFO  no build target found for /Users/atharvakulkarni/Desktop/IITB/BTP/ntt_accel/src/test/scala/NTT_test.scala. Using presentation compiler with project's scala-library version: 2.12.19
2024.11.05 22:45:42 INFO  no build target found for /Users/atharvakulkarni/Desktop/IITB/BTP/ntt_accel/src/test/scala/NTT_test.scala. Using presentation compiler with project's scala-library version: 2.12.19
2024.11.05 22:45:42 INFO  no build target found for /Users/atharvakulkarni/Desktop/IITB/BTP/ntt_accel/src/test/scala/NTT_test.scala. Using presentation compiler with project's scala-library version: 2.12.19
2024.11.05 22:45:42 INFO  no build target found for /Users/atharvakulkarni/Desktop/IITB/BTP/ntt_accel/src/test/scala/NTT_test.scala. Using presentation compiler with project's scala-library version: 2.12.19
2024.11.05 22:45:43 INFO  no build target found for /Users/atharvakulkarni/Desktop/IITB/BTP/ntt_accel/src/test/scala/NTT_test.scala. Using presentation compiler with project's scala-library version: 2.12.19
2024.11.05 22:45:42 INFO  no build target found for /Users/atharvakulkarni/Desktop/IITB/BTP/ntt_accel/src/test/scala/NTT_test.scala. Using presentation compiler with project's scala-library version: 2.12.19
2024.11.05 22:45:42 INFO  no build target found for /Users/atharvakulkarni/Desktop/IITB/BTP/ntt_accel/src/test/scala/NTT_test.scala. Using presentation compiler with project's scala-library version: 2.12.19
2024.11.05 22:45:42 INFO  no build target found for /Users/atharvakulkarni/Desktop/IITB/BTP/ntt_accel/src/test/scala/NTT_test.scala. Using presentation compiler with project's scala-library version: 2.12.19
2024.11.05 22:45:43 INFO  no build target found for /Users/atharvakulkarni/Desktop/IITB/BTP/ntt_accel/src/test/scala/NTT_test.scala. Using presentation compiler with project's scala-library version: 2.12.19
2024.11.05 22:45:42 INFO  no build target found for /Users/atharvakulkarni/Desktop/IITB/BTP/ntt_accel/src/test/scala/NTT_test.scala. Using presentation compiler with project's scala-library version: 2.12.19
2024.11.05 22:45:42 INFO  no build target found for /Users/atharvakulkarni/Desktop/IITB/BTP/ntt_accel/src/test/scala/NTT_test.scala. Using presentation compiler with project's scala-library version: 2.12.19
2024.11.05 22:45:43 INFO  no build target found for /Users/atharvakulkarni/Desktop/IITB/BTP/ntt_accel/src/test/scala/NTT_test.scala. Using presentation compiler with project's scala-library version: 2.12.19
2024.11.05 22:45:43 INFO  no build target found for /Users/atharvakulkarni/Desktop/IITB/BTP/ntt_accel/src/test/scala/NTT_test.scala. Using presentation compiler with project's scala-library version: 2.12.19
2024.11.05 22:45:43 INFO  no build target found for /Users/atharvakulkarni/Desktop/IITB/BTP/ntt_accel/src/test/scala/NTT_test.scala. Using presentation compiler with project's scala-library version: 2.12.19
2024.11.05 22:45:43 INFO  no build target found for /Users/atharvakulkarni/Desktop/IITB/BTP/ntt_accel/src/test/scala/NTT_test.scala. Using presentation compiler with project's scala-library version: 2.12.19
2024.11.05 22:45:43 INFO  no build target found for /Users/atharvakulkarni/Desktop/IITB/BTP/ntt_accel/src/test/scala/NTT_test.scala. Using presentation compiler with project's scala-library version: 2.12.19
2024.11.05 22:45:43 INFO  no build target found for /Users/atharvakulkarni/Desktop/IITB/BTP/ntt_accel/src/test/scala/NTT_test.scala. Using presentation compiler with project's scala-library version: 2.12.19
2024.11.05 22:45:44 INFO  no build target found for /Users/atharvakulkarni/Desktop/IITB/BTP/ntt_accel/src/test/scala/NTT_test.scala. Using presentation compiler with project's scala-library version: 2.12.19
2024.11.05 22:45:45 INFO  no build target found for /Users/atharvakulkarni/Desktop/IITB/BTP/ntt_accel/src/test/scala/NTT_test.scala. Using presentation compiler with project's scala-library version: 2.12.19
2024.11.05 22:45:45 INFO  no build target found for /Users/atharvakulkarni/Desktop/IITB/BTP/ntt_accel/src/test/scala/NTT_test.scala. Using presentation compiler with project's scala-library version: 2.12.19
2024.11.05 22:45:45 INFO  no build target found for /Users/atharvakulkarni/Desktop/IITB/BTP/ntt_accel/src/test/scala/NTT_test.scala. Using presentation compiler with project's scala-library version: 2.12.19
2024.11.05 22:45:44 INFO  no build target found for /Users/atharvakulkarni/Desktop/IITB/BTP/ntt_accel/src/test/scala/NTT_test.scala. Using presentation compiler with project's scala-library version: 2.12.19
2024.11.05 22:45:45 WARN  no build target for: /Users/atharvakulkarni/Desktop/IITB/BTP/ntt_accel/src/test/scala/NTT_test.scala
2024.11.05 22:45:45 INFO  no build target found for /Users/atharvakulkarni/Desktop/IITB/BTP/ntt_accel/src/test/scala/NTT_test.scala. Using presentation compiler with project's scala-library version: 2.12.19
2024.11.05 22:46:00 INFO  no build target found for /Users/atharvakulkarni/Desktop/IITB/BTP/ntt_accel/src/test/scala/NTT_test.scala. Using presentation compiler with project's scala-library version: 2.12.19
2024.11.05 22:46:00 INFO  no build target found for /Users/atharvakulkarni/Desktop/IITB/BTP/ntt_accel/src/test/scala/NTT_test.scala. Using presentation compiler with project's scala-library version: 2.12.19
2024.11.05 22:46:30 INFO  no build target found for /Users/atharvakulkarni/Desktop/IITB/BTP/ntt_accel/src/test/scala/NTT_test.scala. Using presentation compiler with project's scala-library version: 2.12.19
2024.11.05 22:46:40 INFO  no build target found for /Users/atharvakulkarni/Desktop/IITB/BTP/ntt_accel/src/test/scala/NTT_test.scala. Using presentation compiler with project's scala-library version: 2.12.19
2024.11.05 22:46:41 INFO  no build target found for /Users/atharvakulkarni/Desktop/IITB/BTP/ntt_accel/src/test/scala/NTT_test.scala. Using presentation compiler with project's scala-library version: 2.12.19
2024.11.05 22:46:43 INFO  no build target found for /Users/atharvakulkarni/Desktop/IITB/BTP/ntt_accel/src/test/scala/NTT_test.scala. Using presentation compiler with project's scala-library version: 2.12.19
2024.11.05 22:46:43 INFO  no build target found for /Users/atharvakulkarni/Desktop/IITB/BTP/ntt_accel/src/test/scala/NTT_test.scala. Using presentation compiler with project's scala-library version: 2.12.19
2024.11.05 22:46:43 INFO  no build target found for /Users/atharvakulkarni/Desktop/IITB/BTP/ntt_accel/src/test/scala/NTT_test.scala. Using presentation compiler with project's scala-library version: 2.12.19
2024.11.05 22:46:43 INFO  no build target found for /Users/atharvakulkarni/Desktop/IITB/BTP/ntt_accel/src/test/scala/NTT_test.scala. Using presentation compiler with project's scala-library version: 2.12.19
2024.11.05 22:46:44 INFO  no build target found for /Users/atharvakulkarni/Desktop/IITB/BTP/ntt_accel/src/test/scala/NTT_test.scala. Using presentation compiler with project's scala-library version: 2.12.19
2024.11.05 22:46:44 INFO  no build target found for /Users/atharvakulkarni/Desktop/IITB/BTP/ntt_accel/src/test/scala/NTT_test.scala. Using presentation compiler with project's scala-library version: 2.12.19
2024.11.05 22:46:44 INFO  no build target found for /Users/atharvakulkarni/Desktop/IITB/BTP/ntt_accel/src/test/scala/NTT_test.scala. Using presentation compiler with project's scala-library version: 2.12.19
2024.11.05 22:46:44 INFO  no build target found for /Users/atharvakulkarni/Desktop/IITB/BTP/ntt_accel/src/test/scala/NTT_test.scala. Using presentation compiler with project's scala-library version: 2.12.19
2024.11.05 22:46:44 INFO  no build target found for /Users/atharvakulkarni/Desktop/IITB/BTP/ntt_accel/src/test/scala/NTT_test.scala. Using presentation compiler with project's scala-library version: 2.12.19
2024.11.05 22:46:44 INFO  no build target found for /Users/atharvakulkarni/Desktop/IITB/BTP/ntt_accel/src/test/scala/NTT_test.scala. Using presentation compiler with project's scala-library version: 2.12.19
2024.11.05 22:46:45 INFO  no build target found for /Users/atharvakulkarni/Desktop/IITB/BTP/ntt_accel/src/test/scala/NTT_test.scala. Using presentation compiler with project's scala-library version: 2.12.19
2024.11.05 22:46:45 INFO  no build target found for /Users/atharvakulkarni/Desktop/IITB/BTP/ntt_accel/src/test/scala/NTT_test.scala. Using presentation compiler with project's scala-library version: 2.12.19
2024.11.05 22:46:47 INFO  no build target found for /Users/atharvakulkarni/Desktop/IITB/BTP/ntt_accel/src/test/scala/NTT_test.scala. Using presentation compiler with project's scala-library version: 2.12.19
2024.11.05 22:46:47 WARN  no build target for: /Users/atharvakulkarni/Desktop/IITB/BTP/ntt_accel/src/test/scala/NTT_test.scala
2024.11.05 22:46:47 INFO  no build target found for /Users/atharvakulkarni/Desktop/IITB/BTP/ntt_accel/src/test/scala/NTT_test.scala. Using presentation compiler with project's scala-library version: 2.12.19
2024.11.05 22:47:58 INFO  no build target found for /Users/atharvakulkarni/Desktop/IITB/BTP/ntt_accel/src/test/scala/NTT_test.scala. Using presentation compiler with project's scala-library version: 2.12.19
2024.11.05 22:48:00 INFO  no build target found for /Users/atharvakulkarni/Desktop/IITB/BTP/ntt_accel/src/test/scala/NTT_test.scala. Using presentation compiler with project's scala-library version: 2.12.19
2024.11.05 22:50:37 INFO  skipping build import with status 'Dismissed'
2024.11.05 22:52:08 INFO  skipping build import with status 'Dismissed'
2024.11.05 22:53:11 INFO  no build target found for /Users/atharvakulkarni/Desktop/IITB/BTP/ntt_accel/src/test/scala/NTT_test.scala. Using presentation compiler with project's scala-library version: 2.12.19
2024.11.05 22:53:11 INFO  no build target found for /Users/atharvakulkarni/Desktop/IITB/BTP/ntt_accel/src/test/scala/NTT_test.scala. Using presentation compiler with project's scala-library version: 2.12.19
2024.11.05 22:53:11 INFO  no build target found for /Users/atharvakulkarni/Desktop/IITB/BTP/ntt_accel/src/test/scala/NTT_test.scala. Using presentation compiler with project's scala-library version: 2.12.19
2024.11.05 22:53:21 INFO  no build target found for /Users/atharvakulkarni/Desktop/IITB/BTP/ntt_accel/src/test/scala/NTT_test.scala. Using presentation compiler with project's scala-library version: 2.12.19
2024.11.05 22:53:21 INFO  no build target found for /Users/atharvakulkarni/Desktop/IITB/BTP/ntt_accel/src/test/scala/NTT_test.scala. Using presentation compiler with project's scala-library version: 2.12.19
2024.11.05 22:53:21 INFO  no build target found for /Users/atharvakulkarni/Desktop/IITB/BTP/ntt_accel/src/test/scala/NTT_test.scala. Using presentation compiler with project's scala-library version: 2.12.19
2024.11.05 22:54:25 INFO  no build target found for /Users/atharvakulkarni/Desktop/IITB/BTP/ntt_accel/src/test/scala/NTT_test.scala. Using presentation compiler with project's scala-library version: 2.12.19
2024.11.05 22:54:27 INFO  no build target found for /Users/atharvakulkarni/Desktop/IITB/BTP/ntt_accel/src/test/scala/NTT_test.scala. Using presentation compiler with project's scala-library version: 2.12.19
2024.11.05 22:54:27 INFO  no build target found for /Users/atharvakulkarni/Desktop/IITB/BTP/ntt_accel/src/test/scala/NTT_test.scala. Using presentation compiler with project's scala-library version: 2.12.19
2024.11.05 22:54:51 INFO  no build target found for /Users/atharvakulkarni/Desktop/IITB/BTP/ntt_accel/src/test/scala/NTT_test.scala. Using presentation compiler with project's scala-library version: 2.12.19
2024.11.05 22:54:54 INFO  no build target found for /Users/atharvakulkarni/Desktop/IITB/BTP/ntt_accel/src/test/scala/NTT_test.scala. Using presentation compiler with project's scala-library version: 2.12.19
2024.11.06 00:59:14 INFO  no build target found for /Users/atharvakulkarni/Desktop/IITB/BTP/ntt_accel/src/test/scala/NTT_test.scala. Using presentation compiler with project's scala-library version: 2.12.19
2024.11.06 09:57:50 INFO  no build target found for /Users/atharvakulkarni/Desktop/IITB/BTP/ntt_accel/src/test/scala/NTT_test.scala. Using presentation compiler with project's scala-library version: 2.12.19
2024.11.06 09:57:53 INFO  no build target found for /Users/atharvakulkarni/Desktop/IITB/BTP/ntt_accel/src/test/scala/NTT_test.scala. Using presentation compiler with project's scala-library version: 2.12.19
2024.11.06 13:36:09 INFO  no build target found for /Users/atharvakulkarni/Desktop/IITB/BTP/ntt_accel/src/test/scala/NTT_test.scala. Using presentation compiler with project's scala-library version: 2.12.19
2024.11.07 00:18:25 INFO  no build target found for /Users/atharvakulkarni/Desktop/IITB/BTP/ntt_accel/src/test/scala/NTT_test.scala. Using presentation compiler with project's scala-library version: 2.12.19
2024.11.07 09:26:33 INFO  no build target found for /Users/atharvakulkarni/Desktop/IITB/BTP/ntt_accel/src/test/scala/NTT_test.scala. Using presentation compiler with project's scala-library version: 2.12.19
2024.11.07 09:26:44 INFO  no build target found for /Users/atharvakulkarni/Desktop/IITB/BTP/ntt_accel/src/test/scala/NTT_test.scala. Using presentation compiler with project's scala-library version: 2.12.19
2024.11.07 09:27:08 INFO  no build target found for /Users/atharvakulkarni/Desktop/IITB/BTP/ntt_accel/src/test/scala/NTT_test.scala. Using presentation compiler with project's scala-library version: 2.12.19
2024.11.07 09:27:18 INFO  no build target found for /Users/atharvakulkarni/Desktop/IITB/BTP/ntt_accel/src/main/scala/NTT.scala. Using presentation compiler with project's scala-library version: 2.12.19
2024.11.07 09:27:18 INFO  no build target found for /Users/atharvakulkarni/Desktop/IITB/BTP/ntt_accel/src/main/scala/NTT.scala. Using presentation compiler with project's scala-library version: 2.12.19
2024.11.07 09:27:18 INFO  no build target found for /Users/atharvakulkarni/Desktop/IITB/BTP/ntt_accel/src/main/scala/NTT.scala. Using presentation compiler with project's scala-library version: 2.12.19
2024.11.07 09:27:18 INFO  no build target found for /Users/atharvakulkarni/Desktop/IITB/BTP/ntt_accel/src/main/scala/NTT.scala. Using presentation compiler with project's scala-library version: 2.12.19
2024.11.07 09:27:20 INFO  no build target found for /Users/atharvakulkarni/Desktop/IITB/BTP/ntt_accel/src/main/scala/NTT.scala. Using presentation compiler with project's scala-library version: 2.12.19
2024.11.07 09:27:22 INFO  no build target found for /Users/atharvakulkarni/Desktop/IITB/BTP/ntt_accel/src/test/scala/NTT_test.scala. Using presentation compiler with project's scala-library version: 2.12.19
2024.11.07 09:27:22 INFO  no build target found for /Users/atharvakulkarni/Desktop/IITB/BTP/ntt_accel/src/main/scala/NTT.scala. Using presentation compiler with project's scala-library version: 2.12.19
2024.11.07 09:27:22 INFO  no build target found for /Users/atharvakulkarni/Desktop/IITB/BTP/ntt_accel/src/main/scala/NTT.scala. Using presentation compiler with project's scala-library version: 2.12.19
2024.11.07 09:27:22 INFO  no build target found for /Users/atharvakulkarni/Desktop/IITB/BTP/ntt_accel/src/main/scala/NTT.scala. Using presentation compiler with project's scala-library version: 2.12.19
2024.11.07 09:27:23 INFO  no build target found for /Users/atharvakulkarni/Desktop/IITB/BTP/ntt_accel/src/main/scala/NTT.scala. Using presentation compiler with project's scala-library version: 2.12.19
2024.11.07 09:27:23 INFO  no build target found for /Users/atharvakulkarni/Desktop/IITB/BTP/ntt_accel/src/test/scala/NTT_test.scala. Using presentation compiler with project's scala-library version: 2.12.19
2024.11.07 09:28:17 INFO  no build target found for /Users/atharvakulkarni/Desktop/IITB/BTP/ntt_accel/src/main/scala/NTT.scala. Using presentation compiler with project's scala-library version: 2.12.19
2024.11.07 09:32:37 INFO  no build target found for /Users/atharvakulkarni/Desktop/IITB/BTP/ntt_accel/src/main/scala/NTT.scala. Using presentation compiler with project's scala-library version: 2.12.19
2024.11.07 09:32:41 INFO  no build target found for /Users/atharvakulkarni/Desktop/IITB/BTP/ntt_accel/src/main/scala/NTT.scala. Using presentation compiler with project's scala-library version: 2.12.19
2024.11.07 09:32:44 INFO  no build target found for /Users/atharvakulkarni/Desktop/IITB/BTP/ntt_accel/src/main/scala/NTT.scala. Using presentation compiler with project's scala-library version: 2.12.19
2024.11.07 09:33:25 INFO  no build target found for /Users/atharvakulkarni/Desktop/IITB/BTP/ntt_accel/src/main/scala/NTT.scala. Using presentation compiler with project's scala-library version: 2.12.19
2024.11.07 09:33:26 INFO  no build target found for /Users/atharvakulkarni/Desktop/IITB/BTP/ntt_accel/src/main/scala/NTT.scala. Using presentation compiler with project's scala-library version: 2.12.19
2024.11.07 09:33:26 INFO  no build target found for /Users/atharvakulkarni/Desktop/IITB/BTP/ntt_accel/src/main/scala/NTT.scala. Using presentation compiler with project's scala-library version: 2.12.19
2024.11.07 09:33:26 INFO  no build target found for /Users/atharvakulkarni/Desktop/IITB/BTP/ntt_accel/src/main/scala/NTT.scala. Using presentation compiler with project's scala-library version: 2.12.19
2024.11.07 09:33:27 INFO  no build target found for /Users/atharvakulkarni/Desktop/IITB/BTP/ntt_accel/src/main/scala/NTT.scala. Using presentation compiler with project's scala-library version: 2.12.19
2024.11.07 09:33:27 INFO  no build target found for /Users/atharvakulkarni/Desktop/IITB/BTP/ntt_accel/src/main/scala/NTT.scala. Using presentation compiler with project's scala-library version: 2.12.19
2024.11.07 09:42:03 INFO  no build target found for /Users/atharvakulkarni/Desktop/IITB/BTP/ntt_accel/src/main/scala/NTT.scala. Using presentation compiler with project's scala-library version: 2.12.19
2024.11.07 09:42:03 INFO  no build target found for /Users/atharvakulkarni/Desktop/IITB/BTP/ntt_accel/src/test/scala/NTT_test.scala. Using presentation compiler with project's scala-library version: 2.12.19
2024.11.07 09:42:11 INFO  no build target found for /Users/atharvakulkarni/Desktop/IITB/BTP/ntt_accel/src/test/scala/NTT_test.scala. Using presentation compiler with project's scala-library version: 2.12.19
2024.11.07 09:49:08 INFO  no build target found for /Users/atharvakulkarni/Desktop/IITB/BTP/ntt_accel/src/main/scala/NTT.scala. Using presentation compiler with project's scala-library version: 2.12.19
2024.11.07 09:49:08 INFO  no build target found for /Users/atharvakulkarni/Desktop/IITB/BTP/ntt_accel/src/main/scala/NTT.scala. Using presentation compiler with project's scala-library version: 2.12.19
2024.11.07 09:49:08 INFO  no build target found for /Users/atharvakulkarni/Desktop/IITB/BTP/ntt_accel/src/main/scala/NTT.scala. Using presentation compiler with project's scala-library version: 2.12.19
2024.11.07 09:49:09 INFO  no build target found for /Users/atharvakulkarni/Desktop/IITB/BTP/ntt_accel/src/main/scala/NTT.scala. Using presentation compiler with project's scala-library version: 2.12.19
2024.11.07 09:49:12 INFO  no build target found for /Users/atharvakulkarni/Desktop/IITB/BTP/ntt_accel/src/main/scala/NTT.scala. Using presentation compiler with project's scala-library version: 2.12.19
2024.11.07 09:50:07 INFO  no build target found for /Users/atharvakulkarni/Desktop/IITB/BTP/ntt_accel/src/test/scala/NTT_test.scala. Using presentation compiler with project's scala-library version: 2.12.19
2024.11.07 09:50:13 INFO  no build target found for /Users/atharvakulkarni/Desktop/IITB/BTP/ntt_accel/src/main/scala/AddressGenerator.scala. Using presentation compiler with project's scala-library version: 2.12.19
2024.11.07 09:50:13 INFO  no build target found for /Users/atharvakulkarni/Desktop/IITB/BTP/ntt_accel/src/main/scala/AddressGenerator.scala. Using presentation compiler with project's scala-library version: 2.12.19
2024.11.07 09:50:13 INFO  no build target found for /Users/atharvakulkarni/Desktop/IITB/BTP/ntt_accel/src/main/scala/AddressGenerator.scala. Using presentation compiler with project's scala-library version: 2.12.19
2024.11.07 09:50:13 INFO  no build target found for /Users/atharvakulkarni/Desktop/IITB/BTP/ntt_accel/src/main/scala/AddressGenerator.scala. Using presentation compiler with project's scala-library version: 2.12.19
2024.11.07 09:50:32 INFO  no build target found for /Users/atharvakulkarni/Desktop/IITB/BTP/ntt_accel/src/main/scala/AddressGenerator.scala. Using presentation compiler with project's scala-library version: 2.12.19
2024.11.07 09:50:40 INFO  no build target found for /Users/atharvakulkarni/Desktop/IITB/BTP/ntt_accel/src/main/scala/AddressGenerator.scala. Using presentation compiler with project's scala-library version: 2.12.19
2024.11.07 09:50:46 INFO  no build target found for /Users/atharvakulkarni/Desktop/IITB/BTP/ntt_accel/src/main/scala/AddressGenerator.scala. Using presentation compiler with project's scala-library version: 2.12.19
2024.11.07 09:50:47 INFO  no build target found for /Users/atharvakulkarni/Desktop/IITB/BTP/ntt_accel/src/main/scala/AddressGenerator.scala. Using presentation compiler with project's scala-library version: 2.12.19
2024.11.07 09:50:50 INFO  no build target found for /Users/atharvakulkarni/Desktop/IITB/BTP/ntt_accel/src/main/scala/AddressGenerator.scala. Using presentation compiler with project's scala-library version: 2.12.19
2024.11.07 09:50:51 INFO  no build target found for /Users/atharvakulkarni/Desktop/IITB/BTP/ntt_accel/src/main/scala/AddressGenerator.scala. Using presentation compiler with project's scala-library version: 2.12.19
2024.11.07 09:50:52 INFO  no build target found for /Users/atharvakulkarni/Desktop/IITB/BTP/ntt_accel/src/main/scala/AddressGenerator.scala. Using presentation compiler with project's scala-library version: 2.12.19
2024.11.07 09:50:52 INFO  no build target found for /Users/atharvakulkarni/Desktop/IITB/BTP/ntt_accel/src/main/scala/AddressGenerator.scala. Using presentation compiler with project's scala-library version: 2.12.19
2024.11.07 09:51:31 INFO  no build target found for /Users/atharvakulkarni/Desktop/IITB/BTP/ntt_accel/src/main/scala/AddressGenerator.scala. Using presentation compiler with project's scala-library version: 2.12.19
2024.11.07 09:51:36 INFO  no build target found for /Users/atharvakulkarni/Desktop/IITB/BTP/ntt_accel/src/test/scala/NTT_test.scala. Using presentation compiler with project's scala-library version: 2.12.19
2024.11.07 09:51:55 INFO  no build target found for /Users/atharvakulkarni/Desktop/IITB/BTP/ntt_accel/src/main/scala/AddressGenerator.scala. Using presentation compiler with project's scala-library version: 2.12.19
2024.11.07 09:51:55 INFO  no build target found for /Users/atharvakulkarni/Desktop/IITB/BTP/ntt_accel/src/main/scala/AddressGenerator.scala. Using presentation compiler with project's scala-library version: 2.12.19
2024.11.07 09:53:42 INFO  no build target found for /Users/atharvakulkarni/Desktop/IITB/BTP/ntt_accel/src/test/scala/AddressGenTest.scala. Using presentation compiler with project's scala-library version: 2.12.19
2024.11.07 09:53:43 INFO  no build target found for /Users/atharvakulkarni/Desktop/IITB/BTP/ntt_accel/src/test/scala/AddressGenTest.scala. Using presentation compiler with project's scala-library version: 2.12.19
2024.11.07 09:53:44 INFO  no build target found for /Users/atharvakulkarni/Desktop/IITB/BTP/ntt_accel/src/test/scala/AddressGenTest.scala. Using presentation compiler with project's scala-library version: 2.12.19
2024.11.07 09:53:44 INFO  no build target found for /Users/atharvakulkarni/Desktop/IITB/BTP/ntt_accel/src/test/scala/AddressGenTest.scala. Using presentation compiler with project's scala-library version: 2.12.19
2024.11.07 09:53:44 INFO  no build target found for /Users/atharvakulkarni/Desktop/IITB/BTP/ntt_accel/src/test/scala/AddressGenTest.scala. Using presentation compiler with project's scala-library version: 2.12.19
2024.11.07 09:53:45 WARN  no build target for: /Users/atharvakulkarni/Desktop/IITB/BTP/ntt_accel/src/test/scala/AddressGenTest.scala
2024.11.07 09:53:45 INFO  no build target found for /Users/atharvakulkarni/Desktop/IITB/BTP/ntt_accel/src/test/scala/NTT_test.scala. Using presentation compiler with project's scala-library version: 2.12.19
2024.11.07 09:53:44 INFO  no build target found for /Users/atharvakulkarni/Desktop/IITB/BTP/ntt_accel/src/test/scala/AddressGenTest.scala. Using presentation compiler with project's scala-library version: 2.12.19
2024.11.07 09:54:52 INFO  no build target found for /Users/atharvakulkarni/Desktop/IITB/BTP/ntt_accel/src/test/scala/AddressGenTest.scala. Using presentation compiler with project's scala-library version: 2.12.19
2024.11.07 09:54:56 INFO  no build target found for /Users/atharvakulkarni/Desktop/IITB/BTP/ntt_accel/src/test/scala/AddressGenTest.scala. Using presentation compiler with project's scala-library version: 2.12.19
2024.11.07 09:54:56 INFO  no build target found for /Users/atharvakulkarni/Desktop/IITB/BTP/ntt_accel/src/test/scala/AddressGenTest.scala. Using presentation compiler with project's scala-library version: 2.12.19
2024.11.07 09:55:04 INFO  no build target found for /Users/atharvakulkarni/Desktop/IITB/BTP/ntt_accel/src/test/scala/AddressGenTest.scala. Using presentation compiler with project's scala-library version: 2.12.19
2024.11.07 09:55:05 INFO  no build target found for /Users/atharvakulkarni/Desktop/IITB/BTP/ntt_accel/src/test/scala/AddressGenTest.scala. Using presentation compiler with project's scala-library version: 2.12.19
2024.11.07 09:55:05 INFO  no build target found for /Users/atharvakulkarni/Desktop/IITB/BTP/ntt_accel/src/test/scala/AddressGenTest.scala. Using presentation compiler with project's scala-library version: 2.12.19
2024.11.07 09:55:05 INFO  no build target found for /Users/atharvakulkarni/Desktop/IITB/BTP/ntt_accel/src/test/scala/AddressGenTest.scala. Using presentation compiler with project's scala-library version: 2.12.19
2024.11.07 09:55:09 INFO  no build target found for /Users/atharvakulkarni/Desktop/IITB/BTP/ntt_accel/src/test/scala/AddressGenTest.scala. Using presentation compiler with project's scala-library version: 2.12.19
2024.11.07 09:55:09 INFO  no build target found for /Users/atharvakulkarni/Desktop/IITB/BTP/ntt_accel/src/test/scala/AddressGenTest.scala. Using presentation compiler with project's scala-library version: 2.12.19
2024.11.07 09:55:09 INFO  no build target found for /Users/atharvakulkarni/Desktop/IITB/BTP/ntt_accel/src/test/scala/AddressGenTest.scala. Using presentation compiler with project's scala-library version: 2.12.19
2024.11.07 09:55:09 INFO  no build target found for /Users/atharvakulkarni/Desktop/IITB/BTP/ntt_accel/src/test/scala/AddressGenTest.scala. Using presentation compiler with project's scala-library version: 2.12.19
2024.11.07 09:55:09 INFO  no build target found for /Users/atharvakulkarni/Desktop/IITB/BTP/ntt_accel/src/test/scala/AddressGenTest.scala. Using presentation compiler with project's scala-library version: 2.12.19
2024.11.07 09:55:09 INFO  no build target found for /Users/atharvakulkarni/Desktop/IITB/BTP/ntt_accel/src/test/scala/AddressGenTest.scala. Using presentation compiler with project's scala-library version: 2.12.19
2024.11.07 09:55:09 INFO  no build target found for /Users/atharvakulkarni/Desktop/IITB/BTP/ntt_accel/src/test/scala/AddressGenTest.scala. Using presentation compiler with project's scala-library version: 2.12.19
2024.11.07 09:55:10 INFO  no build target found for /Users/atharvakulkarni/Desktop/IITB/BTP/ntt_accel/src/test/scala/AddressGenTest.scala. Using presentation compiler with project's scala-library version: 2.12.19
2024.11.07 09:55:10 INFO  no build target found for /Users/atharvakulkarni/Desktop/IITB/BTP/ntt_accel/src/test/scala/AddressGenTest.scala. Using presentation compiler with project's scala-library version: 2.12.19
2024.11.07 09:55:10 INFO  no build target found for /Users/atharvakulkarni/Desktop/IITB/BTP/ntt_accel/src/test/scala/AddressGenTest.scala. Using presentation compiler with project's scala-library version: 2.12.19
2024.11.07 09:55:10 INFO  no build target found for /Users/atharvakulkarni/Desktop/IITB/BTP/ntt_accel/src/test/scala/AddressGenTest.scala. Using presentation compiler with project's scala-library version: 2.12.19
2024.11.07 09:55:10 INFO  no build target found for /Users/atharvakulkarni/Desktop/IITB/BTP/ntt_accel/src/test/scala/AddressGenTest.scala. Using presentation compiler with project's scala-library version: 2.12.19
2024.11.07 09:55:10 INFO  no build target found for /Users/atharvakulkarni/Desktop/IITB/BTP/ntt_accel/src/test/scala/AddressGenTest.scala. Using presentation compiler with project's scala-library version: 2.12.19
2024.11.07 09:55:10 INFO  no build target found for /Users/atharvakulkarni/Desktop/IITB/BTP/ntt_accel/src/test/scala/AddressGenTest.scala. Using presentation compiler with project's scala-library version: 2.12.19
2024.11.07 09:55:10 INFO  no build target found for /Users/atharvakulkarni/Desktop/IITB/BTP/ntt_accel/src/test/scala/AddressGenTest.scala. Using presentation compiler with project's scala-library version: 2.12.19
2024.11.07 09:55:10 INFO  no build target found for /Users/atharvakulkarni/Desktop/IITB/BTP/ntt_accel/src/test/scala/AddressGenTest.scala. Using presentation compiler with project's scala-library version: 2.12.19
2024.11.07 09:55:11 INFO  no build target found for /Users/atharvakulkarni/Desktop/IITB/BTP/ntt_accel/src/test/scala/AddressGenTest.scala. Using presentation compiler with project's scala-library version: 2.12.19
2024.11.07 09:55:11 INFO  no build target found for /Users/atharvakulkarni/Desktop/IITB/BTP/ntt_accel/src/test/scala/AddressGenTest.scala. Using presentation compiler with project's scala-library version: 2.12.19
2024.11.07 09:55:11 INFO  no build target found for /Users/atharvakulkarni/Desktop/IITB/BTP/ntt_accel/src/test/scala/AddressGenTest.scala. Using presentation compiler with project's scala-library version: 2.12.19
2024.11.07 09:55:11 INFO  no build target found for /Users/atharvakulkarni/Desktop/IITB/BTP/ntt_accel/src/test/scala/AddressGenTest.scala. Using presentation compiler with project's scala-library version: 2.12.19
2024.11.07 09:55:12 WARN  no build target for: /Users/atharvakulkarni/Desktop/IITB/BTP/ntt_accel/src/test/scala/AddressGenTest.scala
2024.11.07 09:55:12 INFO  no build target found for /Users/atharvakulkarni/Desktop/IITB/BTP/ntt_accel/src/test/scala/AddressGenTest.scala. Using presentation compiler with project's scala-library version: 2.12.19
2024.11.07 09:55:12 INFO  no build target found for /Users/atharvakulkarni/Desktop/IITB/BTP/ntt_accel/src/test/scala/NTT_test.scala. Using presentation compiler with project's scala-library version: 2.12.19
2024.11.07 09:55:13 INFO  no build target found for /Users/atharvakulkarni/Desktop/IITB/BTP/ntt_accel/src/test/scala/AddressGenTest.scala. Using presentation compiler with project's scala-library version: 2.12.19
2024.11.07 09:56:07 INFO  no build target found for /Users/atharvakulkarni/Desktop/IITB/BTP/ntt_accel/src/test/scala/AddressGenTest.scala. Using presentation compiler with project's scala-library version: 2.12.19
2024.11.07 09:56:11 INFO  no build target found for /Users/atharvakulkarni/Desktop/IITB/BTP/ntt_accel/src/test/scala/NTT_test.scala. Using presentation compiler with project's scala-library version: 2.12.19
2024.11.07 09:56:16 INFO  no build target found for /Users/atharvakulkarni/Desktop/IITB/BTP/ntt_accel/src/main/scala/AddressGenerator.scala. Using presentation compiler with project's scala-library version: 2.12.19
2024.11.07 09:56:16 INFO  no build target found for /Users/atharvakulkarni/Desktop/IITB/BTP/ntt_accel/src/main/scala/AddressGenerator.scala. Using presentation compiler with project's scala-library version: 2.12.19
2024.11.07 09:56:17 INFO  no build target found for /Users/atharvakulkarni/Desktop/IITB/BTP/ntt_accel/src/main/scala/AddressGenerator.scala. Using presentation compiler with project's scala-library version: 2.12.19
2024.11.07 09:56:18 INFO  no build target found for /Users/atharvakulkarni/Desktop/IITB/BTP/ntt_accel/src/main/scala/AddressGenerator.scala. Using presentation compiler with project's scala-library version: 2.12.19
2024.11.07 09:56:18 INFO  no build target found for /Users/atharvakulkarni/Desktop/IITB/BTP/ntt_accel/src/test/scala/AddressGenTest.scala. Using presentation compiler with project's scala-library version: 2.12.19
2024.11.07 09:56:18 INFO  no build target found for /Users/atharvakulkarni/Desktop/IITB/BTP/ntt_accel/src/main/scala/AddressGenerator.scala. Using presentation compiler with project's scala-library version: 2.12.19
2024.11.07 09:56:18 INFO  no build target found for /Users/atharvakulkarni/Desktop/IITB/BTP/ntt_accel/src/test/scala/AddressGenTest.scala. Using presentation compiler with project's scala-library version: 2.12.19
2024.11.07 09:56:18 INFO  no build target found for /Users/atharvakulkarni/Desktop/IITB/BTP/ntt_accel/src/test/scala/AddressGenTest.scala. Using presentation compiler with project's scala-library version: 2.12.19
2024.11.07 09:56:18 INFO  no build target found for /Users/atharvakulkarni/Desktop/IITB/BTP/ntt_accel/src/main/scala/AddressGenerator.scala. Using presentation compiler with project's scala-library version: 2.12.19
2024.11.07 09:56:19 INFO  no build target found for /Users/atharvakulkarni/Desktop/IITB/BTP/ntt_accel/src/test/scala/AddressGenTest.scala. Using presentation compiler with project's scala-library version: 2.12.19
2024.11.07 09:56:23 INFO  no build target found for /Users/atharvakulkarni/Desktop/IITB/BTP/ntt_accel/src/main/scala/AddressGenerator.scala. Using presentation compiler with project's scala-library version: 2.12.19
2024.11.07 09:56:23 INFO  no build target found for /Users/atharvakulkarni/Desktop/IITB/BTP/ntt_accel/src/test/scala/NTT_test.scala. Using presentation compiler with project's scala-library version: 2.12.19
2024.11.07 09:56:23 INFO  no build target found for /Users/atharvakulkarni/Desktop/IITB/BTP/ntt_accel/src/main/scala/AddressGenerator.scala. Using presentation compiler with project's scala-library version: 2.12.19
2024.11.07 09:56:23 INFO  no build target found for /Users/atharvakulkarni/Desktop/IITB/BTP/ntt_accel/src/test/scala/NTT_test.scala. Using presentation compiler with project's scala-library version: 2.12.19
2024.11.07 09:56:23 INFO  no build target found for /Users/atharvakulkarni/Desktop/IITB/BTP/ntt_accel/src/main/scala/AddressGenerator.scala. Using presentation compiler with project's scala-library version: 2.12.19
2024.11.07 09:56:23 INFO  no build target found for /Users/atharvakulkarni/Desktop/IITB/BTP/ntt_accel/src/test/scala/NTT_test.scala. Using presentation compiler with project's scala-library version: 2.12.19
2024.11.07 09:56:24 INFO  no build target found for /Users/atharvakulkarni/Desktop/IITB/BTP/ntt_accel/src/test/scala/AddressGenTest.scala. Using presentation compiler with project's scala-library version: 2.12.19
2024.11.07 09:56:24 INFO  no build target found for /Users/atharvakulkarni/Desktop/IITB/BTP/ntt_accel/src/test/scala/AddressGenTest.scala. Using presentation compiler with project's scala-library version: 2.12.19
2024.11.07 09:56:24 INFO  no build target found for /Users/atharvakulkarni/Desktop/IITB/BTP/ntt_accel/src/test/scala/AddressGenTest.scala. Using presentation compiler with project's scala-library version: 2.12.19
2024.11.07 09:56:25 INFO  no build target found for /Users/atharvakulkarni/Desktop/IITB/BTP/ntt_accel/src/test/scala/AddressGenTest.scala. Using presentation compiler with project's scala-library version: 2.12.19
2024.11.07 09:56:25 INFO  no build target found for /Users/atharvakulkarni/Desktop/IITB/BTP/ntt_accel/src/main/scala/AddressGenerator.scala. Using presentation compiler with project's scala-library version: 2.12.19
2024.11.07 09:56:25 INFO  no build target found for /Users/atharvakulkarni/Desktop/IITB/BTP/ntt_accel/src/test/scala/AddressGenTest.scala. Using presentation compiler with project's scala-library version: 2.12.19
2024.11.07 09:56:25 INFO  no build target found for /Users/atharvakulkarni/Desktop/IITB/BTP/ntt_accel/src/main/scala/AddressGenerator.scala. Using presentation compiler with project's scala-library version: 2.12.19
2024.11.07 09:56:25 INFO  no build target found for /Users/atharvakulkarni/Desktop/IITB/BTP/ntt_accel/src/test/scala/AddressGenTest.scala. Using presentation compiler with project's scala-library version: 2.12.19
2024.11.07 09:56:25 INFO  no build target found for /Users/atharvakulkarni/Desktop/IITB/BTP/ntt_accel/src/main/scala/AddressGenerator.scala. Using presentation compiler with project's scala-library version: 2.12.19
2024.11.07 09:56:33 INFO  no build target found for /Users/atharvakulkarni/Desktop/IITB/BTP/ntt_accel/src/main/scala/AddressGenerator.scala. Using presentation compiler with project's scala-library version: 2.12.19
2024.11.07 09:56:35 INFO  no build target found for /Users/atharvakulkarni/Desktop/IITB/BTP/ntt_accel/src/main/scala/AddressGenerator.scala. Using presentation compiler with project's scala-library version: 2.12.19
2024.11.07 09:56:35 INFO  no build target found for /Users/atharvakulkarni/Desktop/IITB/BTP/ntt_accel/src/main/scala/AddressGenerator.scala. Using presentation compiler with project's scala-library version: 2.12.19
2024.11.07 09:56:35 INFO  no build target found for /Users/atharvakulkarni/Desktop/IITB/BTP/ntt_accel/src/main/scala/AddressGenerator.scala. Using presentation compiler with project's scala-library version: 2.12.19
2024.11.07 09:56:36 INFO  no build target found for /Users/atharvakulkarni/Desktop/IITB/BTP/ntt_accel/src/main/scala/AddressGenerator.scala. Using presentation compiler with project's scala-library version: 2.12.19
2024.11.07 09:56:36 INFO  no build target found for /Users/atharvakulkarni/Desktop/IITB/BTP/ntt_accel/src/main/scala/AddressGenerator.scala. Using presentation compiler with project's scala-library version: 2.12.19
2024.11.07 09:56:37 WARN  no build target for: /Users/atharvakulkarni/Desktop/IITB/BTP/ntt_accel/src/main/scala/AddressGenerator.scala
2024.11.07 09:56:37 INFO  no build target found for /Users/atharvakulkarni/Desktop/IITB/BTP/ntt_accel/src/test/scala/AddressGenTest.scala. Using presentation compiler with project's scala-library version: 2.12.19
2024.11.07 09:56:37 INFO  no build target found for /Users/atharvakulkarni/Desktop/IITB/BTP/ntt_accel/src/main/scala/AddressGenerator.scala. Using presentation compiler with project's scala-library version: 2.12.19
2024.11.07 09:56:38 INFO  no build target found for /Users/atharvakulkarni/Desktop/IITB/BTP/ntt_accel/src/main/scala/AddressGenerator.scala. Using presentation compiler with project's scala-library version: 2.12.19
2024.11.07 09:56:41 INFO  no build target found for /Users/atharvakulkarni/Desktop/IITB/BTP/ntt_accel/src/main/scala/AddressGenerator.scala. Using presentation compiler with project's scala-library version: 2.12.19
2024.11.07 09:56:41 INFO  no build target found for /Users/atharvakulkarni/Desktop/IITB/BTP/ntt_accel/src/main/scala/AddressGenerator.scala. Using presentation compiler with project's scala-library version: 2.12.19
2024.11.07 09:57:11 INFO  no build target found for /Users/atharvakulkarni/Desktop/IITB/BTP/ntt_accel/src/main/scala/AddressGenerator.scala. Using presentation compiler with project's scala-library version: 2.12.19
2024.11.07 09:57:11 INFO  no build target found for /Users/atharvakulkarni/Desktop/IITB/BTP/ntt_accel/src/main/scala/AddressGenerator.scala. Using presentation compiler with project's scala-library version: 2.12.19
2024.11.07 09:57:11 INFO  no build target found for /Users/atharvakulkarni/Desktop/IITB/BTP/ntt_accel/src/main/scala/AddressGenerator.scala. Using presentation compiler with project's scala-library version: 2.12.19
2024.11.07 09:57:12 INFO  no build target found for /Users/atharvakulkarni/Desktop/IITB/BTP/ntt_accel/src/main/scala/AddressGenerator.scala. Using presentation compiler with project's scala-library version: 2.12.19
2024.11.07 09:57:14 INFO  no build target found for /Users/atharvakulkarni/Desktop/IITB/BTP/ntt_accel/src/main/scala/AddressGenerator.scala. Using presentation compiler with project's scala-library version: 2.12.19
2024.11.07 09:57:15 INFO  no build target found for /Users/atharvakulkarni/Desktop/IITB/BTP/ntt_accel/src/main/scala/AddressGenerator.scala. Using presentation compiler with project's scala-library version: 2.12.19
2024.11.07 09:57:17 INFO  no build target found for /Users/atharvakulkarni/Desktop/IITB/BTP/ntt_accel/src/main/scala/AddressGenerator.scala. Using presentation compiler with project's scala-library version: 2.12.19
2024.11.07 09:57:20 INFO  no build target found for /Users/atharvakulkarni/Desktop/IITB/BTP/ntt_accel/src/main/scala/AddressGenerator.scala. Using presentation compiler with project's scala-library version: 2.12.19
2024.11.07 09:58:01 INFO  no build target found for /Users/atharvakulkarni/Desktop/IITB/BTP/ntt_accel/src/main/scala/AddressGenerator.scala. Using presentation compiler with project's scala-library version: 2.12.19
2024.11.07 09:58:01 INFO  no build target found for /Users/atharvakulkarni/Desktop/IITB/BTP/ntt_accel/src/main/scala/AddressGenerator.scala. Using presentation compiler with project's scala-library version: 2.12.19
2024.11.07 09:58:01 INFO  no build target found for /Users/atharvakulkarni/Desktop/IITB/BTP/ntt_accel/src/main/scala/AddressGenerator.scala. Using presentation compiler with project's scala-library version: 2.12.19
2024.11.07 09:58:04 INFO  no build target found for /Users/atharvakulkarni/Desktop/IITB/BTP/ntt_accel/src/main/scala/AddressGenerator.scala. Using presentation compiler with project's scala-library version: 2.12.19
2024.11.07 09:58:04 INFO  no build target found for /Users/atharvakulkarni/Desktop/IITB/BTP/ntt_accel/src/main/scala/AddressGenerator.scala. Using presentation compiler with project's scala-library version: 2.12.19
2024.11.07 09:58:04 INFO  no build target found for /Users/atharvakulkarni/Desktop/IITB/BTP/ntt_accel/src/main/scala/AddressGenerator.scala. Using presentation compiler with project's scala-library version: 2.12.19
2024.11.07 09:58:07 INFO  no build target found for /Users/atharvakulkarni/Desktop/IITB/BTP/ntt_accel/src/main/scala/AddressGenerator.scala. Using presentation compiler with project's scala-library version: 2.12.19
2024.11.07 09:58:07 INFO  no build target found for /Users/atharvakulkarni/Desktop/IITB/BTP/ntt_accel/src/main/scala/AddressGenerator.scala. Using presentation compiler with project's scala-library version: 2.12.19
2024.11.07 09:58:12 INFO  no build target found for /Users/atharvakulkarni/Desktop/IITB/BTP/ntt_accel/src/main/scala/AddressGenerator.scala. Using presentation compiler with project's scala-library version: 2.12.19
2024.11.07 09:58:27 INFO  no build target found for /Users/atharvakulkarni/Desktop/IITB/BTP/ntt_accel/src/main/scala/AddressGenerator.scala. Using presentation compiler with project's scala-library version: 2.12.19
2024.11.07 09:58:27 INFO  no build target found for /Users/atharvakulkarni/Desktop/IITB/BTP/ntt_accel/src/main/scala/AddressGenerator.scala. Using presentation compiler with project's scala-library version: 2.12.19
2024.11.07 09:58:27 INFO  no build target found for /Users/atharvakulkarni/Desktop/IITB/BTP/ntt_accel/src/main/scala/AddressGenerator.scala. Using presentation compiler with project's scala-library version: 2.12.19
2024.11.07 09:58:30 INFO  no build target found for /Users/atharvakulkarni/Desktop/IITB/BTP/ntt_accel/src/main/scala/AddressGenerator.scala. Using presentation compiler with project's scala-library version: 2.12.19
2024.11.07 09:58:49 INFO  no build target found for /Users/atharvakulkarni/Desktop/IITB/BTP/ntt_accel/src/main/scala/AddressGenerator.scala. Using presentation compiler with project's scala-library version: 2.12.19
2024.11.07 09:58:54 INFO  no build target found for /Users/atharvakulkarni/Desktop/IITB/BTP/ntt_accel/src/main/scala/AddressGenerator.scala. Using presentation compiler with project's scala-library version: 2.12.19
2024.11.07 09:58:56 INFO  no build target found for /Users/atharvakulkarni/Desktop/IITB/BTP/ntt_accel/src/main/scala/AddressGenerator.scala. Using presentation compiler with project's scala-library version: 2.12.19
2024.11.07 09:59:34 INFO  no build target found for /Users/atharvakulkarni/Desktop/IITB/BTP/ntt_accel/src/main/scala/AddressGenerator.scala. Using presentation compiler with project's scala-library version: 2.12.19
2024.11.07 10:00:25 INFO  no build target found for /Users/atharvakulkarni/Desktop/IITB/BTP/ntt_accel/src/main/scala/AddressGenerator.scala. Using presentation compiler with project's scala-library version: 2.12.19
2024.11.07 10:00:26 INFO  no build target found for /Users/atharvakulkarni/Desktop/IITB/BTP/ntt_accel/src/main/scala/AddressGenerator.scala. Using presentation compiler with project's scala-library version: 2.12.19
2024.11.07 10:00:27 INFO  no build target found for /Users/atharvakulkarni/Desktop/IITB/BTP/ntt_accel/src/test/scala/AddressGenTest.scala. Using presentation compiler with project's scala-library version: 2.12.19
2024.11.07 10:00:48 INFO  no build target found for /Users/atharvakulkarni/Desktop/IITB/BTP/ntt_accel/src/test/scala/AddressGenTest.scala. Using presentation compiler with project's scala-library version: 2.12.19
2024.11.07 10:00:48 INFO  no build target found for /Users/atharvakulkarni/Desktop/IITB/BTP/ntt_accel/src/test/scala/AddressGenTest.scala. Using presentation compiler with project's scala-library version: 2.12.19
2024.11.07 10:00:48 INFO  no build target found for /Users/atharvakulkarni/Desktop/IITB/BTP/ntt_accel/src/test/scala/AddressGenTest.scala. Using presentation compiler with project's scala-library version: 2.12.19
2024.11.07 10:01:14 INFO  no build target found for /Users/atharvakulkarni/Desktop/IITB/BTP/ntt_accel/src/test/scala/AddressGenTest.scala. Using presentation compiler with project's scala-library version: 2.12.19
2024.11.07 10:01:15 INFO  no build target found for /Users/atharvakulkarni/Desktop/IITB/BTP/ntt_accel/src/main/scala/AddressGenerator.scala. Using presentation compiler with project's scala-library version: 2.12.19
2024.11.07 10:02:24 INFO  no build target found for /Users/atharvakulkarni/Desktop/IITB/BTP/ntt_accel/src/main/scala/AddressGenerator.scala. Using presentation compiler with project's scala-library version: 2.12.19
2024.11.07 10:02:24 INFO  no build target found for /Users/atharvakulkarni/Desktop/IITB/BTP/ntt_accel/src/main/scala/AddressGenerator.scala. Using presentation compiler with project's scala-library version: 2.12.19
2024.11.07 10:02:24 INFO  no build target found for /Users/atharvakulkarni/Desktop/IITB/BTP/ntt_accel/src/main/scala/AddressGenerator.scala. Using presentation compiler with project's scala-library version: 2.12.19
2024.11.07 10:02:25 INFO  no build target found for /Users/atharvakulkarni/Desktop/IITB/BTP/ntt_accel/src/main/scala/AddressGenerator.scala. Using presentation compiler with project's scala-library version: 2.12.19
2024.11.07 10:02:28 INFO  no build target found for /Users/atharvakulkarni/Desktop/IITB/BTP/ntt_accel/src/main/scala/AddressGenerator.scala. Using presentation compiler with project's scala-library version: 2.12.19
2024.11.07 10:02:30 INFO  no build target found for /Users/atharvakulkarni/Desktop/IITB/BTP/ntt_accel/src/main/scala/AddressGenerator.scala. Using presentation compiler with project's scala-library version: 2.12.19
2024.11.07 10:02:30 INFO  no build target found for /Users/atharvakulkarni/Desktop/IITB/BTP/ntt_accel/src/main/scala/AddressGenerator.scala. Using presentation compiler with project's scala-library version: 2.12.19
2024.11.07 10:02:30 INFO  no build target found for /Users/atharvakulkarni/Desktop/IITB/BTP/ntt_accel/src/main/scala/AddressGenerator.scala. Using presentation compiler with project's scala-library version: 2.12.19
2024.11.07 10:02:30 INFO  no build target found for /Users/atharvakulkarni/Desktop/IITB/BTP/ntt_accel/src/main/scala/AddressGenerator.scala. Using presentation compiler with project's scala-library version: 2.12.19
2024.11.07 10:02:30 INFO  no build target found for /Users/atharvakulkarni/Desktop/IITB/BTP/ntt_accel/src/main/scala/AddressGenerator.scala. Using presentation compiler with project's scala-library version: 2.12.19
2024.11.07 10:02:32 INFO  no build target found for /Users/atharvakulkarni/Desktop/IITB/BTP/ntt_accel/src/main/scala/AddressGenerator.scala. Using presentation compiler with project's scala-library version: 2.12.19
2024.11.07 10:02:34 INFO  no build target found for /Users/atharvakulkarni/Desktop/IITB/BTP/ntt_accel/src/main/scala/AddressGenerator.scala. Using presentation compiler with project's scala-library version: 2.12.19
2024.11.07 10:02:40 INFO  no build target found for /Users/atharvakulkarni/Desktop/IITB/BTP/ntt_accel/src/main/scala/AddressGenerator.scala. Using presentation compiler with project's scala-library version: 2.12.19
2024.11.07 10:02:42 INFO  no build target found for /Users/atharvakulkarni/Desktop/IITB/BTP/ntt_accel/src/main/scala/AddressGenerator.scala. Using presentation compiler with project's scala-library version: 2.12.19
2024.11.07 10:02:42 INFO  no build target found for /Users/atharvakulkarni/Desktop/IITB/BTP/ntt_accel/src/main/scala/AddressGenerator.scala. Using presentation compiler with project's scala-library version: 2.12.19
2024.11.07 10:02:42 INFO  no build target found for /Users/atharvakulkarni/Desktop/IITB/BTP/ntt_accel/src/main/scala/AddressGenerator.scala. Using presentation compiler with project's scala-library version: 2.12.19
2024.11.07 10:02:44 INFO  no build target found for /Users/atharvakulkarni/Desktop/IITB/BTP/ntt_accel/src/main/scala/AddressGenerator.scala. Using presentation compiler with project's scala-library version: 2.12.19
2024.11.07 10:02:49 INFO  no build target found for /Users/atharvakulkarni/Desktop/IITB/BTP/ntt_accel/src/main/scala/AddressGenerator.scala. Using presentation compiler with project's scala-library version: 2.12.19
2024.11.07 10:02:50 INFO  no build target found for /Users/atharvakulkarni/Desktop/IITB/BTP/ntt_accel/src/main/scala/AddressGenerator.scala. Using presentation compiler with project's scala-library version: 2.12.19
2024.11.07 10:02:51 INFO  no build target found for /Users/atharvakulkarni/Desktop/IITB/BTP/ntt_accel/src/main/scala/AddressGenerator.scala. Using presentation compiler with project's scala-library version: 2.12.19
2024.11.07 10:02:53 INFO  no build target found for /Users/atharvakulkarni/Desktop/IITB/BTP/ntt_accel/src/main/scala/AddressGenerator.scala. Using presentation compiler with project's scala-library version: 2.12.19
2024.11.07 10:03:10 INFO  no build target found for /Users/atharvakulkarni/Desktop/IITB/BTP/ntt_accel/src/main/scala/AddressGenerator.scala. Using presentation compiler with project's scala-library version: 2.12.19
2024.11.07 10:03:10 INFO  no build target found for /Users/atharvakulkarni/Desktop/IITB/BTP/ntt_accel/src/main/scala/AddressGenerator.scala. Using presentation compiler with project's scala-library version: 2.12.19
2024.11.07 10:03:10 INFO  no build target found for /Users/atharvakulkarni/Desktop/IITB/BTP/ntt_accel/src/main/scala/AddressGenerator.scala. Using presentation compiler with project's scala-library version: 2.12.19
2024.11.07 10:03:11 INFO  no build target found for /Users/atharvakulkarni/Desktop/IITB/BTP/ntt_accel/src/main/scala/AddressGenerator.scala. Using presentation compiler with project's scala-library version: 2.12.19
2024.11.07 10:03:11 INFO  no build target found for /Users/atharvakulkarni/Desktop/IITB/BTP/ntt_accel/src/main/scala/AddressGenerator.scala. Using presentation compiler with project's scala-library version: 2.12.19
2024.11.07 10:03:11 INFO  no build target found for /Users/atharvakulkarni/Desktop/IITB/BTP/ntt_accel/src/main/scala/AddressGenerator.scala. Using presentation compiler with project's scala-library version: 2.12.19
2024.11.07 10:03:16 INFO  no build target found for /Users/atharvakulkarni/Desktop/IITB/BTP/ntt_accel/src/main/scala/AddressGenerator.scala. Using presentation compiler with project's scala-library version: 2.12.19
2024.11.07 10:03:16 INFO  no build target found for /Users/atharvakulkarni/Desktop/IITB/BTP/ntt_accel/src/main/scala/AddressGenerator.scala. Using presentation compiler with project's scala-library version: 2.12.19
2024.11.07 10:03:24 INFO  no build target found for /Users/atharvakulkarni/Desktop/IITB/BTP/ntt_accel/src/main/scala/AddressGenerator.scala. Using presentation compiler with project's scala-library version: 2.12.19
2024.11.07 10:03:56 INFO  logging to files /Users/atharvakulkarni/Desktop/IITB/BTP/ntt_accel/.metals/metals.log,/Users/atharvakulkarni/Desktop/IITB/BTP/Unified_NTT_INTT_AXIStream/.metals/metals.log,/Users/atharvakulkarni/Desktop/IITB/BTP/scala_files/.metals/metals.log
2024.11.07 10:03:57 WARN  Flyway upgrade recommended: H2 2.3.232 is newer than this version of Flyway and support has not been tested. The latest supported version of H2 is 2.2.224.
2024.11.07 10:03:57 WARN  scala-cli >= 0.1.3 not found in PATH, fetching and starting a JVM-based Scala CLI
2024.11.07 10:03:58 INFO  no build target found for /Users/atharvakulkarni/Desktop/IITB/BTP/scala_files/Address_Generator.scala. Using presentation compiler with project's scala-library version: 3.3.4
2024.11.07 10:03:59 INFO  no build target found for /Users/atharvakulkarni/Desktop/IITB/BTP/scala_files/Address_Generator.scala. Using presentation compiler with project's scala-library version: 3.3.4
2024.11.07 10:03:58 INFO  no build target found for /Users/atharvakulkarni/Desktop/IITB/BTP/scala_files/Address_Generator.scala. Using presentation compiler with project's scala-library version: 3.3.4
2024.11.07 10:04:00 INFO  no build target found for /Users/atharvakulkarni/Desktop/IITB/BTP/scala_files/Address_Generator.scala. Using presentation compiler with project's scala-library version: 3.3.4
2024.11.07 10:04:02 INFO  no build target found for /Users/atharvakulkarni/Desktop/IITB/BTP/scala_files/Address_Generator.scala. Using presentation compiler with project's scala-library version: 3.3.4
2024.11.07 10:04:02 INFO  no build target found for /Users/atharvakulkarni/Desktop/IITB/BTP/ntt_accel/src/main/scala/AddressGenerator.scala. Using presentation compiler with project's scala-library version: 2.12.19
2024.11.07 10:04:02 INFO  no build target found for /Users/atharvakulkarni/Desktop/IITB/BTP/scala_files/Address_Generator.scala. Using presentation compiler with project's scala-library version: 3.3.4
2024.11.07 10:04:02 INFO  no build target found for /Users/atharvakulkarni/Desktop/IITB/BTP/scala_files/Address_Generator.scala. Using presentation compiler with project's scala-library version: 3.3.4
Nov 07, 2024 10:04:02 AM org.eclipse.lsp4j.jsonrpc.RemoteEndpoint handleCancellation
WARNING: Unmatched cancel notification for request id 1206
2024.11.07 10:04:02 INFO  no build target found for /Users/atharvakulkarni/Desktop/IITB/BTP/ntt_accel/src/main/scala/AddressGenerator.scala. Using presentation compiler with project's scala-library version: 2.12.19
2024.11.07 10:04:02 INFO  no build target found for /Users/atharvakulkarni/Desktop/IITB/BTP/ntt_accel/src/main/scala/AddressGenerator.scala. Using presentation compiler with project's scala-library version: 2.12.19
2024.11.07 10:04:02 INFO  no build target found for /Users/atharvakulkarni/Desktop/IITB/BTP/scala_files/Address_Generator.scala. Using presentation compiler with project's scala-library version: 3.3.4
2024.11.07 10:04:07 INFO  no build target found for /Users/atharvakulkarni/Desktop/IITB/BTP/scala_files/Address_Generator.scala. Using presentation compiler with project's scala-library version: 3.3.4
2024.11.07 10:04:12 INFO  no build target found for /Users/atharvakulkarni/Desktop/IITB/BTP/scala_files/Address_Generator.scala. Using presentation compiler with project's scala-library version: 3.3.4
2024.11.07 10:04:13 INFO  no build target found for /Users/atharvakulkarni/Desktop/IITB/BTP/scala_files/Address_Generator.scala. Using presentation compiler with project's scala-library version: 3.3.4
2024.11.07 10:04:14 INFO  no build target found for /Users/atharvakulkarni/Desktop/IITB/BTP/scala_files/Address_Generator.scala. Using presentation compiler with project's scala-library version: 3.3.4
2024.11.07 10:04:14 INFO  no build target found for /Users/atharvakulkarni/Desktop/IITB/BTP/scala_files/Address_Generator.scala. Using presentation compiler with project's scala-library version: 3.3.4
2024.11.07 10:04:14 INFO  no build target found for /Users/atharvakulkarni/Desktop/IITB/BTP/scala_files/Address_Generator.scala. Using presentation compiler with project's scala-library version: 3.3.4
2024.11.07 10:04:25 INFO  no build target found for /Users/atharvakulkarni/Desktop/IITB/BTP/scala_files/Address_Generator.scala. Using presentation compiler with project's scala-library version: 3.3.4
Nov 07, 2024 10:04:33 AM org.eclipse.lsp4j.jsonrpc.RemoteEndpoint handleCancellation
WARNING: Unmatched cancel notification for request id 1241
Nov 07, 2024 10:04:33 AM org.eclipse.lsp4j.jsonrpc.RemoteEndpoint handleCancellation
WARNING: Unmatched cancel notification for request id 1247
2024.11.07 10:04:38 INFO  no build target found for /Users/atharvakulkarni/Desktop/IITB/BTP/ntt_accel/src/main/scala/AddressGenerator.scala. Using presentation compiler with project's scala-library version: 2.12.19
2024.11.07 10:04:39 INFO  Running List(/Library/Java/JavaVirtualMachines/temurin-21.jdk/Contents/Home/bin/java, -cp, /Users/atharvakulkarni/Library/Caches/Coursier/v1/https/repo1.maven.org/maven2/org/virtuslab/scala-cli/cli_3/1.5.1/cli_3-1.5.1.jar:/Users/atharvakulkarni/Library/Caches/Coursier/v1/https/repo1.maven.org/maven2/com/github/alexarchambault/case-app_3/2.1.0-M29/case-app_3-2.1.0-M29.jar:/Users/atharvakulkarni/Library/Caches/Coursier/v1/https/repo1.maven.org/maven2/io/get-coursier/coursier-launcher_2.13/2.1.13/coursier-launcher_2.13-2.1.13.jar:/Users/atharvakulkarni/Library/Caches/Coursier/v1/https/repo1.maven.org/maven2/io/get-coursier/coursier-proxy-setup/2.1.13/coursier-proxy-setup-2.1.13.jar:/Users/atharvakulkarni/Library/Caches/Coursier/v1/https/repo1.maven.org/maven2/io/get-coursier/publish/publish_2.13/0.1.6/publish_2.13-0.1.6.jar:/Users/atharvakulkarni/Library/Caches/Coursier/v1/https/repo1.maven.org/maven2/com/google/jimfs/jimfs/1.3.0/jimfs-1.3.0.jar:/Users/atharvakulkarni/Library/Caches/Coursier/v1/https/repo1.maven.org/maven2/io/get-coursier/jniutils/windows-jni-utils/0.3.3/windows-jni-utils-0.3.3.jar:/Users/atharvakulkarni/Library/Caches/Coursier/v1/https/repo1.maven.org/maven2/com/github/plokhotnyuk/jsoniter-scala/jsoniter-scala-core_3/2.13.5.2/jsoniter-scala-core_3-2.13.5.2.jar:/Users/atharvakulkarni/Library/Caches/Coursier/v1/https/repo1.maven.org/maven2/org/virtuslab/scala-cli/libsodiumjni/0.0.4/libsodiumjni-0.0.4.jar:/Users/atharvakulkarni/Library/Caches/Coursier/v1/https/repo1.maven.org/maven2/org/scalameta/metaconfig-typesafe-config_3/0.13.0/metaconfig-typesafe-config_3-0.13.0.jar:/Users/atharvakulkarni/Library/Caches/Coursier/v1/https/repo1.maven.org/maven2/ai/kien/python-native-libs_3/0.2.4/python-native-libs_3-0.2.4.jar:/Users/atharvakulkarni/Library/Caches/Coursier/v1/https/repo1.maven.org/maven2/org/virtuslab/scala-packager_2.13/0.1.29/scala-packager_2.13-0.1.29.jar:/Users/atharvakulkarni/Library/Caches/Coursier/v1/https/repo1.maven.org/maven2/org/virtuslab/scala-cli-signing/cli_3/0.2.4/cli_3-0.2.4.jar:/Users/atharvakulkarni/Library/Caches/Coursier/v1/https/repo1.maven.org/maven2/org/slf4j/slf4j-nop/2.0.16/slf4j-nop-2.0.16.jar:/Users/atharvakulkarni/Library/Caches/Coursier/v1/https/repo1.maven.org/maven2/com/softwaremill/sttp/client3/core_2.13/3.9.8/core_2.13-3.9.8.jar:/Users/atharvakulkarni/Library/Caches/Coursier/v1/https/repo1.maven.org/maven2/org/scala-lang/scala3-library_3/3.3.4/scala3-library_3-3.3.4.jar:/Users/atharvakulkarni/Library/Caches/Coursier/v1/https/repo1.maven.org/maven2/org/virtuslab/scala-cli/build-module_3/1.5.1/build-module_3-1.5.1.jar:/Users/atharvakulkarni/Library/Caches/Coursier/v1/https/repo1.maven.org/maven2/org/virtuslab/scala-cli/config_3/1.5.1/config_3-1.5.1.jar:/Users/atharvakulkarni/Library/Caches/Coursier/v1/https/repo1.maven.org/maven2/org/virtuslab/scala-cli/scala3-graal_3/1.5.1/scala3-graal_3-1.5.1.jar:/Users/atharvakulkarni/Library/Caches/Coursier/v1/https/repo1.maven.org/maven2/org/virtuslab/scala-cli/specification-level_3/1.5.1/specification-level_3-1.5.1.jar:/Users/atharvakulkarni/Library/Caches/Coursier/v1/https/repo1.maven.org/maven2/com/lihaoyi/sourcecode_3/0.4.2/sourcecode_3-0.4.2.jar:/Users/atharvakulkarni/Library/Caches/Coursier/v1/https/repo1.maven.org/maven2/com/github/alexarchambault/case-app-annotations_3/2.1.0-M29/case-app-annotations_3-2.1.0-M29.jar:/Users/atharvakulkarni/Library/Caches/Coursier/v1/https/repo1.maven.org/maven2/com/github/alexarchambault/case-app-util_3/2.1.0-M29/case-app-util_3-2.1.0-M29.jar:/Users/atharvakulkarni/Library/Caches/Coursier/v1/https/repo1.maven.org/maven2/io/github/alexarchambault/scala-cli/tmp/zip-input-stream/0.1.1/zip-input-stream-0.1.1.jar:/Users/atharvakulkarni/Library/Caches/Coursier/v1/https/repo1.maven.org/maven2/org/scala-lang/scala-library/2.13.15/scala-library-2.13.15.jar:/Users/atharvakulkarni/Library/Caches/Coursier/v1/https/repo1.maven.org/maven2/io/get-coursier/coursier-cache_2.13/2.1.13/coursier-cache_2.13-2.1.13.jar:/Users/atharvakulkarni/Library/Caches/Coursier/v1/https/repo1.maven.org/maven2/io/get-coursier/coursier-core_2.13/2.1.13/coursier-core_2.13-2.1.13.jar:/Users/atharvakulkarni/Library/Caches/Coursier/v1/https/repo1.maven.org/maven2/com/google/guava/guava/33.3.1-jre/guava-33.3.1-jre.jar:/Users/atharvakulkarni/Library/Caches/Coursier/v1/https/repo1.maven.org/maven2/net/java/dev/jna/jna/5.13.0/jna-5.13.0.jar:/Users/atharvakulkarni/Library/Caches/Coursier/v1/https/repo1.maven.org/maven2/net/java/dev/jna/jna-platform/5.12.1/jna-platform-5.12.1.jar:/Users/atharvakulkarni/Library/Caches/Coursier/v1/https/repo1.maven.org/maven2/org/scalameta/metaconfig-core_3/0.13.0/metaconfig-core_3-0.13.0.jar:/Users/atharvakulkarni/Library/Caches/Coursier/v1/https/repo1.maven.org/maven2/com/typesafe/config/1.4.3/config-1.4.3.jar:/Users/atharvakulkarni/Library/Caches/Coursier/v1/https/repo1.maven.org/maven2/org/scala-lang/modules/scala-collection-compat_3/2.12.0/scala-collection-compat_3-2.12.0.jar:/Users/atharvakulkarni/Library/Caches/Coursier/v1/https/repo1.maven.org/maven2/commons-io/commons-io/2.15.0/commons-io-2.15.0.jar:/Users/atharvakulkarni/Library/Caches/Coursier/v1/https/repo1.maven.org/maven2/com/google/cloud/tools/jib-core/0.22.0/jib-core-0.22.0.jar:/Users/atharvakulkarni/Library/Caches/Coursier/v1/https/repo1.maven.org/maven2/org/bouncycastle/bcpg-jdk18on/1.78.1/bcpg-jdk18on-1.78.1.jar:/Users/atharvakulkarni/Library/Caches/Coursier/v1/https/repo1.maven.org/maven2/org/virtuslab/scala-cli-signing/shared_3/0.2.4/shared_3-0.2.4.jar:/Users/atharvakulkarni/Library/Caches/Coursier/v1/https/repo1.maven.org/maven2/org/slf4j/slf4j-api/2.0.16/slf4j-api-2.0.16.jar:/Users/atharvakulkarni/Library/Caches/Coursier/v1/https/repo1.maven.org/maven2/com/softwaremill/sttp/model/core_2.13/1.7.9/core_2.13-1.7.9.jar:/Users/atharvakulkarni/Library/Caches/Coursier/v1/https/repo1.maven.org/maven2/com/softwaremill/sttp/shared/core_2.13/1.3.16/core_2.13-1.3.16.jar:/Users/atharvakulkarni/Library/Caches/Coursier/v1/https/repo1.maven.org/maven2/com/softwaremill/sttp/shared/ws_2.13/1.3.16/ws_2.13-1.3.16.jar:/Users/atharvakulkarni/Library/Caches/Coursier/v1/https/repo1.maven.org/maven2/org/ow2/asm/asm/9.7/asm-9.7.jar:/Users/atharvakulkarni/Library/Caches/Coursier/v1/https/repo1.maven.org/maven2/org/virtuslab/scala-cli/java-class-name/java-class-name_3/0.1.3/java-class-name_3-0.1.3.jar:/Users/atharvakulkarni/Library/Caches/Coursier/v1/https/repo1.maven.org/maven2/org/scalameta/semanticdb-shared_2.13.15/4.9.9/semanticdb-shared_2.13.15-4.9.9.jar:/Users/atharvakulkarni/Library/Caches/Coursier/v1/https/repo1.maven.org/maven2/org/scala-native/test-runner_3/0.5.5/test-runner_3-0.5.5.jar:/Users/atharvakulkarni/Library/Caches/Coursier/v1/https/repo1.maven.org/maven2/com/lihaoyi/os-lib_3/0.10.6/os-lib_3-0.10.6.jar:/Users/atharvakulkarni/Library/Caches/Coursier/v1/https/repo1.maven.org/maven2/com/lihaoyi/pprint_3/0.9.0/pprint_3-0.9.0.jar:/Users/atharvakulkarni/Library/Caches/Coursier/v1/https/repo1.maven.org/maven2/org/scala-js/scalajs-env-nodejs_2.13/1.4.0/scalajs-env-nodejs_2.13-1.4.0.jar:/Users/atharvakulkarni/Library/Caches/Coursier/v1/https/repo1.maven.org/maven2/org/scala-js/scalajs-sbt-test-adapter_2.13/1.17.0/scalajs-sbt-test-adapter_2.13-1.17.0.jar:/Users/atharvakulkarni/Library/Caches/Coursier/v1/https/repo1.maven.org/maven2/com/swoval/file-tree-views/2.1.12/file-tree-views-2.1.12.jar:/Users/atharvakulkarni/Library/Caches/Coursier/v1/https/repo1.maven.org/maven2/org/virtuslab/scala-cli/zip-input-stream/zip-input-stream/0.1.2/zip-input-stream-0.1.2.jar:/Users/atharvakulkarni/Library/Caches/Coursier/v1/https/repo1.maven.org/maven2/org/virtuslab/scala-cli/options_3/1.5.1/options_3-1.5.1.jar:/Users/atharvakulkarni/Library/Caches/Coursier/v1/https/repo1.maven.org/maven2/org/virtuslab/scala-cli/directives_3/1.5.1/directives_3-1.5.1.jar:/Users/atharvakulkarni/Library/Caches/Coursier/v1/https/repo1.maven.org/maven2/org/virtuslab/scala-cli/scala-cli-bsp/1.5.1/scala-cli-bsp-1.5.1.jar:/Users/atharvakulkarni/Library/Caches/Coursier/v1/https/repo1.maven.org/maven2/org/virtuslab/scala-cli/test-runner_3/1.5.1/test-runner_3-1.5.1.jar:/Users/atharvakulkarni/Library/Caches/Coursier/v1/https/repo1.maven.org/maven2/org/virtuslab/scala-cli/tasty-lib_3/1.5.1/tasty-lib_3-1.5.1.jar:/Users/atharvakulkarni/Library/Caches/Coursier/v1/https/repo1.maven.org/maven2/org/codehaus/plexus/plexus-archiver/4.9.0/plexus-archiver-4.9.0.jar:/Users/atharvakulkarni/Library/Caches/Coursier/v1/https/repo1.maven.org/maven2/org/codehaus/plexus/plexus-container-default/2.1.1/plexus-container-default-2.1.1.jar:/Users/atharvakulkarni/Library/Caches/Coursier/v1/https/repo1.maven.org/maven2/io/github/alexarchambault/windows-ansi/windows-ansi/0.0.5/windows-ansi-0.0.5.jar:/Users/atharvakulkarni/Library/Caches/Coursier/v1/https/repo1.maven.org/maven2/io/get-coursier/coursier-util_2.13/2.1.13/coursier-util_2.13-2.1.13.jar:/Users/atharvakulkarni/Library/Caches/Coursier/v1/https/repo1.maven.org/maven2/io/github/alexarchambault/concurrent-reference-hash-map/1.1.0/concurrent-reference-hash-map-1.1.0.jar:/Users/atharvakulkarni/Library/Caches/Coursier/v1/https/repo1.maven.org/maven2/org/scala-lang/modules/scala-xml_2.13/2.3.0/scala-xml_2.13-2.3.0.jar:/Users/atharvakulkarni/Library/Caches/Coursier/v1/https/repo1.maven.org/maven2/com/google/guava/failureaccess/1.0.2/failureaccess-1.0.2.jar:/Users/atharvakulkarni/Library/Caches/Coursier/v1/https/repo1.maven.org/maven2/com/google/guava/listenablefuture/9999.0-empty-to-avoid-conflict-with-guava/listenablefuture-9999.0-empty-to-avoid-conflict-with-guava.jar:/Users/atharvakulkarni/Library/Caches/Coursier/v1/https/repo1.maven.org/maven2/com/google/code/findbugs/jsr305/3.0.2/jsr305-3.0.2.jar:/Users/atharvakulkarni/Library/Caches/Coursier/v1/https/repo1.maven.org/maven2/org/checkerframework/checker-qual/3.43.0/checker-qual-3.43.0.jar:/Users/atharvakulkarni/Library/Caches/Coursier/v1/https/repo1.maven.org/maven2/com/google/errorprone/error_prone_annotations/2.28.0/error_prone_annotations-2.28.0.jar:/Users/atharvakulkarni/Library/Caches/Coursier/v1/https/repo1.maven.org/maven2/com/google/j2objc/j2objc-annotations/3.0.0/j2objc-annotations-3.0.0.jar:/Users/atharvakulkarni/Library/Caches/Coursier/v1/https/repo1.maven.org/maven2/org/scalameta/metaconfig-pprint_3/0.13.0/metaconfig-pprint_3-0.13.0.jar:/Users/atharvakulkarni/Library/Caches/Coursier/v1/https/repo1.maven.org/maven2/org/typelevel/paiges-core_3/0.4.4/paiges-core_3-0.4.4.jar:/Users/atharvakulkarni/Library/Caches/Coursier/v1/https/repo1.maven.org/maven2/org/scala-lang/scala-reflect/2.13.14/scala-reflect-2.13.14.jar:/Users/atharvakulkarni/Library/Caches/Coursier/v1/https/repo1.maven.org/maven2/com/google/cloud/tools/jib-build-plan/0.4.0/jib-build-plan-0.4.0.jar:/Users/atharvakulkarni/Library/Caches/Coursier/v1/https/repo1.maven.org/maven2/com/google/http-client/google-http-client/1.34.0/google-http-client-1.34.0.jar:/Users/atharvakulkarni/Library/Caches/Coursier/v1/https/repo1.maven.org/maven2/com/google/http-client/google-http-client-apache-v2/1.34.0/google-http-client-apache-v2-1.34.0.jar:/Users/atharvakulkarni/Library/Caches/Coursier/v1/https/repo1.maven.org/maven2/com/google/auth/google-auth-library-oauth2-http/0.18.0/google-auth-library-oauth2-http-0.18.0.jar:/Users/atharvakulkarni/Library/Caches/Coursier/v1/https/repo1.maven.org/maven2/org/apache/commons/commons-compress/1.24.0/commons-compress-1.24.0.jar:/Users/atharvakulkarni/Library/Caches/Coursier/v1/https/repo1.maven.org/maven2/com/fasterxml/jackson/core/jackson-databind/2.13.3/jackson-databind-2.13.3.jar:/Users/atharvakulkarni/Library/Caches/Coursier/v1/https/repo1.maven.org/maven2/com/fasterxml/jackson/datatype/jackson-datatype-jsr310/2.13.3/jackson-datatype-jsr310-2.13.3.jar:/Users/atharvakulkarni/Library/Caches/Coursier/v1/https/repo1.maven.org/maven2/org/bouncycastle/bcprov-jdk18on/1.78.1/bcprov-jdk18on-1.78.1.jar:/Users/atharvakulkarni/Library/Caches/Coursier/v1/https/repo1.maven.org/maven2/org/bouncycastle/bcutil-jdk18on/1.78.1/bcutil-jdk18on-1.78.1.jar:/Users/atharvakulkarni/Library/Caches/Coursier/v1/https/repo1.maven.org/maven2/org/scala-lang/scala3-compiler_3/3.3.1/scala3-compiler_3-3.3.1.jar:/Users/atharvakulkarni/Library/Caches/Coursier/v1/https/repo1.maven.org/maven2/org/scalameta/scalameta_2.13/4.9.9/scalameta_2.13-4.9.9.jar:/Users/atharvakulkarni/Library/Caches/Coursier/v1/https/repo1.maven.org/maven2/com/thesamet/scalapb/scalapb-runtime_2.13/0.11.17/scalapb-runtime_2.13-0.11.17.jar:/Users/atharvakulkarni/Library/Caches/Coursier/v1/https/repo1.maven.org/maven2/org/scala-native/tools_3/0.5.5/tools_3-0.5.5.jar:/Users/atharvakulkarni/Library/Caches/Coursier/v1/https/repo1.maven.org/maven2/org/scala-sbt/test-interface/1.0/test-interface-1.0.jar:/Users/atharvakulkarni/Library/Caches/Coursier/v1/https/repo1.maven.org/maven2/com/github/sbt/junit-interface/0.13.3/junit-interface-0.13.3.jar:/Users/atharvakulkarni/Library/Caches/Coursier/v1/https/repo1.maven.org/maven2/junit/junit/4.13.2/junit-4.13.2.jar:/Users/atharvakulkarni/Library/Caches/Coursier/v1/https/repo1.maven.org/maven2/com/lihaoyi/geny_3/1.1.1/geny_3-1.1.1.jar:/Users/atharvakulkarni/Library/Caches/Coursier/v1/https/repo1.maven.org/maven2/com/lihaoyi/fansi_3/0.5.0/fansi_3-0.5.0.jar:/Users/atharvakulkarni/Library/Caches/Coursier/v1/https/repo1.maven.org/maven2/org/scala-js/scalajs-js-envs_2.13/1.4.0/scalajs-js-envs_2.13-1.4.0.jar:/Users/atharvakulkarni/Library/Caches/Coursier/v1/https/repo1.maven.org/maven2/ch/epfl/scala/bloop-config_2.13/2.0.3/bloop-config_2.13-2.0.3.jar:/Users/atharvakulkarni/Library/Caches/Coursier/v1/https/repo1.maven.org/maven2/org/virtuslab/scala-cli/core_3/1.5.1/core_3-1.5.1.jar:/Users/atharvakulkarni/Library/Caches/Coursier/v1/https/repo1.maven.org/maven2/org/virtuslab/using_directives/1.1.1/using_directives-1.1.1.jar:/Users/atharvakulkarni/Library/Caches/Coursier/v1/https/repo1.maven.org/maven2/org/virtuslab/scala-cli/build-macros_3/1.5.1/build-macros_3-1.5.1.jar:/Users/atharvakulkarni/Library/Caches/Coursier/v1/https/repo1.maven.org/maven2/ch/epfl/scala/bsp4j/2.1.1/bsp4j-2.1.1.jar:/Users/atharvakulkarni/Library/Caches/Coursier/v1/https/repo1.maven.org/maven2/javax/inject/javax.inject/1/javax.inject-1.jar:/Users/atharvakulkarni/Library/Caches/Coursier/v1/https/repo1.maven.org/maven2/org/codehaus/plexus/plexus-utils/4.0.0/plexus-utils-4.0.0.jar:/Users/atharvakulkarni/Library/Caches/Coursier/v1/https/repo1.maven.org/maven2/org/codehaus/plexus/plexus-io/3.4.1/plexus-io-3.4.1.jar:/Users/atharvakulkarni/Library/Caches/Coursier/v1/https/repo1.maven.org/maven2/org/iq80/snappy/snappy/0.4/snappy-0.4.jar:/Users/atharvakulkarni/Library/Caches/Coursier/v1/https/repo1.maven.org/maven2/org/tukaani/xz/1.9/xz-1.9.jar:/Users/atharvakulkarni/Library/Caches/Coursier/v1/https/repo1.maven.org/maven2/com/github/luben/zstd-jni/1.5.5-10/zstd-jni-1.5.5-10.jar:/Users/atharvakulkarni/Library/Caches/Coursier/v1/https/repo1.maven.org/maven2/org/codehaus/plexus/plexus-classworlds/2.6.0/plexus-classworlds-2.6.0.jar:/Users/atharvakulkarni/Library/Caches/Coursier/v1/https/repo1.maven.org/maven2/org/apache/xbean/xbean-reflect/3.7/xbean-reflect-3.7.jar:/Users/atharvakulkarni/Library/Caches/Coursier/v1/https/repo1.maven.org/maven2/org/fusesource/jansi/jansi/1.18/jansi-1.18.jar:/Users/atharvakulkarni/Library/Caches/Coursier/v1/https/repo1.maven.org/maven2/org/apache/httpcomponents/httpclient/4.5.10/httpclient-4.5.10.jar:/Users/atharvakulkarni/Library/Caches/Coursier/v1/https/repo1.maven.org/maven2/org/apache/httpcomponents/httpcore/4.4.12/httpcore-4.4.12.jar:/Users/atharvakulkarni/Library/Caches/Coursier/v1/https/repo1.maven.org/maven2/io/opencensus/opencensus-api/0.24.0/opencensus-api-0.24.0.jar:/Users/atharvakulkarni/Library/Caches/Coursier/v1/https/repo1.maven.org/maven2/io/opencensus/opencensus-contrib-http-util/0.24.0/opencensus-contrib-http-util-0.24.0.jar:/Users/atharvakulkarni/Library/Caches/Coursier/v1/https/repo1.maven.org/maven2/com/google/auto/value/auto-value-annotations/1.6.6/auto-value-annotations-1.6.6.jar:/Users/atharvakulkarni/Library/Caches/Coursier/v1/https/repo1.maven.org/maven2/com/google/auth/google-auth-library-credentials/0.18.0/google-auth-library-credentials-0.18.0.jar:/Users/atharvakulkarni/Library/Caches/Coursier/v1/https/repo1.maven.org/maven2/com/google/http-client/google-http-client-jackson2/1.32.1/google-http-client-jackson2-1.32.1.jar:/Users/atharvakulkarni/Library/Caches/Coursier/v1/https/repo1.maven.org/maven2/com/fasterxml/jackson/core/jackson-annotations/2.13.3/jackson-annotations-2.13.3.jar:/Users/atharvakulkarni/Library/Caches/Coursier/v1/https/repo1.maven.org/maven2/com/fasterxml/jackson/core/jackson-core/2.13.3/jackson-core-2.13.3.jar:/Users/atharvakulkarni/Library/Caches/Coursier/v1/https/repo1.maven.org/maven2/org/scala-lang/scala3-interfaces/3.3.1/scala3-interfaces-3.3.1.jar:/Users/atharvakulkarni/Library/Caches/Coursier/v1/https/repo1.maven.org/maven2/org/scala-lang/tasty-core_3/3.3.1/tasty-core_3-3.3.1.jar:/Users/atharvakulkarni/Library/Caches/Coursier/v1/https/repo1.maven.org/maven2/org/scala-lang/modules/scala-asm/9.5.0-scala-1/scala-asm-9.5.0-scala-1.jar:/Users/atharvakulkarni/Library/Caches/Coursier/v1/https/repo1.maven.org/maven2/org/scala-sbt/compiler-interface/1.3.5/compiler-interface-1.3.5.jar:/Users/atharvakulkarni/Library/Caches/Coursier/v1/https/repo1.maven.org/maven2/org/jline/jline-reader/3.19.0/jline-reader-3.19.0.jar:/Users/atharvakulkarni/Library/Caches/Coursier/v1/https/repo1.maven.org/maven2/org/jline/jline-terminal/3.19.0/jline-terminal-3.19.0.jar:/Users/atharvakulkarni/Library/Caches/Coursier/v1/https/repo1.maven.org/maven2/org/jline/jline-terminal-jna/3.19.0/jline-terminal-jna-3.19.0.jar:/Users/atharvakulkarni/Library/Caches/Coursier/v1/https/repo1.maven.org/maven2/org/scalameta/parsers_2.13/4.9.9/parsers_2.13-4.9.9.jar:/Users/atharvakulkarni/Library/Caches/Coursier/v1/https/repo1.maven.org/maven2/org/scala-lang/scalap/2.13.11/scalap-2.13.11.jar:/Users/atharvakulkarni/Library/Caches/Coursier/v1/https/repo1.maven.org/maven2/com/thesamet/scalapb/lenses_2.13/0.11.17/lenses_2.13-0.11.17.jar:/Users/atharvakulkarni/Library/Caches/Coursier/v1/https/repo1.maven.org/maven2/com/google/protobuf/protobuf-java/3.19.6/protobuf-java-3.19.6.jar:/Users/atharvakulkarni/Library/Caches/Coursier/v1/https/repo1.maven.org/maven2/org/scala-native/nir_3/0.5.5/nir_3-0.5.5.jar:/Users/atharvakulkarni/Library/Caches/Coursier/v1/https/repo1.maven.org/maven2/org/scala-native/util_3/0.5.5/util_3-0.5.5.jar:/Users/atharvakulkarni/Library/Caches/Coursier/v1/https/repo1.maven.org/maven2/org/hamcrest/hamcrest-core/1.3/hamcrest-core-1.3.jar:/Users/atharvakulkarni/Library/Caches/Coursier/v1/https/repo1.maven.org/maven2/org/scala-js/scalajs-logging_2.13/1.1.1/scalajs-logging_2.13-1.1.1.jar:/Users/atharvakulkarni/Library/Caches/Coursier/v1/https/repo1.maven.org/maven2/com/lihaoyi/unroll-annotation_2.13/0.1.12/unroll-annotation_2.13-0.1.12.jar:/Users/atharvakulkarni/Library/Caches/Coursier/v1/https/repo1.maven.org/maven2/ch/epfl/scala/bloop-rifle_2.13/2.0.2/bloop-rifle_2.13-2.0.2.jar:/Users/atharvakulkarni/Library/Caches/Coursier/v1/https/repo1.maven.org/maven2/io/get-coursier/coursier-jvm_2.13/2.1.13/coursier-jvm_2.13-2.1.13.jar:/Users/atharvakulkarni/Library/Caches/Coursier/v1/https/repo1.maven.org/maven2/io/get-coursier/dependency_3/0.2.3/dependency_3-0.2.3.jar:/Users/atharvakulkarni/Library/Caches/Coursier/v1/https/repo1.maven.org/maven2/org/eclipse/jgit/org.eclipse.jgit/6.8.0.202311291450-r/org.eclipse.jgit-6.8.0.202311291450-r.jar:/Users/atharvakulkarni/Library/Caches/Coursier/v1/https/repo1.maven.org/maven2/org/scala-js/scalajs-env-jsdom-nodejs_2.13/1.1.0/scalajs-env-jsdom-nodejs_2.13-1.1.0.jar:/Users/atharvakulkarni/Library/Caches/Coursier/v1/https/repo1.maven.org/maven2/org/eclipse/lsp4j/org.eclipse.lsp4j.generator/0.20.1/org.eclipse.lsp4j.generator-0.20.1.jar:/Users/atharvakulkarni/Library/Caches/Coursier/v1/https/repo1.maven.org/maven2/org/eclipse/lsp4j/org.eclipse.lsp4j.jsonrpc/0.20.1/org.eclipse.lsp4j.jsonrpc-0.20.1.jar:/Users/atharvakulkarni/Library/Caches/Coursier/v1/https/repo1.maven.org/maven2/commons-logging/commons-logging/1.2/commons-logging-1.2.jar:/Users/atharvakulkarni/Library/Caches/Coursier/v1/https/repo1.maven.org/maven2/commons-codec/commons-codec/1.16.0/commons-codec-1.16.0.jar:/Users/atharvakulkarni/Library/Caches/Coursier/v1/https/repo1.maven.org/maven2/io/grpc/grpc-context/1.22.1/grpc-context-1.22.1.jar:/Users/atharvakulkarni/Library/Caches/Coursier/v1/https/repo1.maven.org/maven2/org/scala-sbt/util-interface/1.3.0/util-interface-1.3.0.jar:/Users/atharvakulkarni/Library/Caches/Coursier/v1/https/repo1.maven.org/maven2/org/scalameta/trees_2.13/4.9.9/trees_2.13-4.9.9.jar:/Users/atharvakulkarni/Library/Caches/Coursier/v1/https/repo1.maven.org/maven2/org/scala-lang/scala-compiler/2.13.11/scala-compiler-2.13.11.jar:/Users/atharvakulkarni/Library/Caches/Coursier/v1/https/repo1.maven.org/maven2/ch/epfl/scala/libdaemon_2.13/0.0.12/libdaemon_2.13-0.0.12.jar:/Users/atharvakulkarni/Library/Caches/Coursier/v1/https/repo1.maven.org/maven2/io/github/alexarchambault/scala-cli/snailgun/snailgun-core_2.13/0.4.1-sc2/snailgun-core_2.13-0.4.1-sc2.jar:/Users/atharvakulkarni/Library/Caches/Coursier/v1/https/repo1.maven.org/maven2/com/github/alexarchambault/argonaut-shapeless_6.3_2.13/1.3.1/argonaut-shapeless_6.3_2.13-1.3.1.jar:/Users/atharvakulkarni/Library/Caches/Coursier/v1/https/repo1.maven.org/maven2/io/get-coursier/coursier_2.13/2.1.13/coursier_2.13-2.1.13.jar:/Users/atharvakulkarni/Library/Caches/Coursier/v1/https/repo1.maven.org/maven2/io/get-coursier/coursier-env_2.13/2.1.13/coursier-env_2.13-2.1.13.jar:/Users/atharvakulkarni/Library/Caches/Coursier/v1/https/repo1.maven.org/maven2/com/googlecode/javaewah/JavaEWAH/1.2.3/JavaEWAH-1.2.3.jar:/Users/atharvakulkarni/Library/Caches/Coursier/v1/https/repo1.maven.org/maven2/org/eclipse/xtend/org.eclipse.xtend.lib/2.28.0/org.eclipse.xtend.lib-2.28.0.jar:/Users/atharvakulkarni/Library/Caches/Coursier/v1/https/repo1.maven.org/maven2/com/google/code/gson/gson/2.10.1/gson-2.10.1.jar:/Users/atharvakulkarni/Library/Caches/Coursier/v1/https/repo1.maven.org/maven2/org/scalameta/common_2.13/4.9.9/common_2.13-4.9.9.jar:/Users/atharvakulkarni/Library/Caches/Coursier/v1/https/repo1.maven.org/maven2/io/github/java-diff-utils/java-diff-utils/4.12/java-diff-utils-4.12.jar:/Users/atharvakulkarni/Library/Caches/Coursier/v1/https/repo1.maven.org/maven2/io/argonaut/argonaut_2.13/6.3.8/argonaut_2.13-6.3.8.jar:/Users/atharvakulkarni/Library/Caches/Coursier/v1/https/repo1.maven.org/maven2/com/chuusai/shapeless_2.13/2.3.9/shapeless_2.13-2.3.9.jar:/Users/atharvakulkarni/Library/Caches/Coursier/v1/https/repo1.maven.org/maven2/org/eclipse/xtext/org.eclipse.xtext.xbase.lib/2.28.0/org.eclipse.xtext.xbase.lib-2.28.0.jar:/Users/atharvakulkarni/Library/Caches/Coursier/v1/https/repo1.maven.org/maven2/org/eclipse/xtend/org.eclipse.xtend.lib.macro/2.28.0/org.eclipse.xtend.lib.macro-2.28.0.jar, scala.cli.ScalaCli, bsp, /Users/atharvakulkarni/Desktop/IITB/BTP/scala_files)
2024.11.07 10:04:39 INFO  tracing is disabled for protocol BSP, to enable tracing of incoming and outgoing JSON messages create an empty file at /Users/atharvakulkarni/Desktop/IITB/BTP/scala_files/.metals/bsp.trace.json or /Users/atharvakulkarni/Library/Caches/org.scalameta.metals/bsp.trace.json
2024.11.07 10:04:41 INFO  no build target found for /Users/atharvakulkarni/Desktop/IITB/BTP/scala_files/Address_Generator.scala. Using presentation compiler with project's scala-library version: 3.3.4
2024.11.07 10:04:43 INFO  Scala CLI: Downloading https://repo1.maven.org/maven2/org/scala-lang/scala3-compiler_3/3.5.1/scala3-compiler_3-3.5.1.pom
2024.11.07 10:04:44 INFO  Scala CLI: Downloaded https://repo1.maven.org/maven2/org/scala-lang/scala3-compiler_3/3.5.1/scala3-compiler_3-3.5.1.pom
2024.11.07 10:04:44 INFO  Scala CLI: Downloading https://repo1.maven.org/maven2/org/scala-lang/tasty-core_3/3.5.1/tasty-core_3-3.5.1.pom
2024.11.07 10:04:44 INFO  Scala CLI: Downloading https://repo1.maven.org/maven2/org/scala-lang/scala3-library_3/3.5.1/scala3-library_3-3.5.1.pom
2024.11.07 10:04:44 INFO  Scala CLI: Downloading https://repo1.maven.org/maven2/org/scala-lang/scala3-interfaces/3.5.1/scala3-interfaces-3.5.1.pom
2024.11.07 10:04:44 INFO  Scala CLI: Downloaded https://repo1.maven.org/maven2/org/scala-lang/scala3-library_3/3.5.1/scala3-library_3-3.5.1.pom
2024.11.07 10:04:44 INFO  Scala CLI: Downloaded https://repo1.maven.org/maven2/org/scala-lang/scala3-interfaces/3.5.1/scala3-interfaces-3.5.1.pom
2024.11.07 10:04:48 INFO  Scala CLI: Downloaded https://repo1.maven.org/maven2/org/scala-lang/tasty-core_3/3.5.1/tasty-core_3-3.5.1.pom
2024.11.07 10:04:48 INFO  Scala CLI: Downloading https://repo1.maven.org/maven2/org/scala-lang/scala3-library_3/3.5.1/scala3-library_3-3.5.1.jar
2024.11.07 10:04:48 INFO  Scala CLI: Downloading https://repo1.maven.org/maven2/org/scala-lang/scala3-interfaces/3.5.1/scala3-interfaces-3.5.1.jar
2024.11.07 10:04:48 INFO  Scala CLI: Downloading https://repo1.maven.org/maven2/org/scala-lang/tasty-core_3/3.5.1/tasty-core_3-3.5.1.jar
2024.11.07 10:04:48 INFO  Scala CLI: Downloading https://repo1.maven.org/maven2/org/scala-lang/scala3-compiler_3/3.5.1/scala3-compiler_3-3.5.1.jar
2024.11.07 10:04:48 INFO  Scala CLI: Downloaded https://repo1.maven.org/maven2/org/scala-lang/tasty-core_3/3.5.1/tasty-core_3-3.5.1.jar
2024.11.07 10:04:48 INFO  Scala CLI: Downloaded https://repo1.maven.org/maven2/org/scala-lang/scala3-interfaces/3.5.1/scala3-interfaces-3.5.1.jar
2024.11.07 10:04:50 INFO  Scala CLI: Downloaded https://repo1.maven.org/maven2/org/scala-lang/scala3-library_3/3.5.1/scala3-library_3-3.5.1.jar
2024.11.07 10:04:51 INFO  Scala CLI: Downloaded https://repo1.maven.org/maven2/org/scala-lang/scala3-compiler_3/3.5.1/scala3-compiler_3-3.5.1.jar
2024.11.07 10:04:51 INFO  Scala CLI: Downloading https://repo1.maven.org/maven2/org/scala-lang/scala3-sbt-bridge/3.5.1/scala3-sbt-bridge-3.5.1.pom
2024.11.07 10:04:51 INFO  Scala CLI: Downloaded https://repo1.maven.org/maven2/org/scala-lang/scala3-sbt-bridge/3.5.1/scala3-sbt-bridge-3.5.1.pom
2024.11.07 10:04:51 INFO  Scala CLI: Downloading https://repo1.maven.org/maven2/org/scala-lang/scala3-sbt-bridge/3.5.1/scala3-sbt-bridge-3.5.1.jar
2024.11.07 10:04:51 INFO  Scala CLI: Downloaded https://repo1.maven.org/maven2/org/scala-lang/scala3-sbt-bridge/3.5.1/scala3-sbt-bridge-3.5.1.jar
2024.11.07 10:04:51 INFO  Scala CLI: Downloading https://repo1.maven.org/maven2/org/scala-lang/scala3-library_3/3.5.1/scala3-library_3-3.5.1-sources.jar
2024.11.07 10:04:51 INFO  Scala CLI: Downloading https://repo1.maven.org/maven2/org/scala-lang/scala-library/2.13.14/scala-library-2.13.14-sources.jar
2024.11.07 10:04:51 INFO  Scala CLI: Downloaded https://repo1.maven.org/maven2/org/scala-lang/scala3-library_3/3.5.1/scala3-library_3-3.5.1-sources.jar
2024.11.07 10:04:52 INFO  Scala CLI: Downloaded https://repo1.maven.org/maven2/org/scala-lang/scala-library/2.13.14/scala-library-2.13.14-sources.jar
2024.11.07 10:04:53 INFO  Connected to Scala CLI server v1.5.1
2024.11.07 10:04:53 INFO  compiling scala_files_f4dd477a3a (7 scala sources)
Nov 07, 2024 10:04:55 AM org.eclipse.lsp4j.jsonrpc.services.GenericEndpoint notify
INFO: Unsupported notification method: $/setTrace
2024.11.07 10:04:56 WARN  Flyway upgrade recommended: H2 2.3.232 is newer than this version of Flyway and support has not been tested. The latest supported version of H2 is 2.2.224.
2024.11.07 10:04:58 INFO  time: indexed workspace in 5.6s
2024.11.07 10:04:59 INFO  time: compiled scala_files_f4dd477a3a in 5.79s
2024.11.07 10:05:00 INFO  compiling scala_files_f4dd477a3a (7 scala sources)
2024.11.07 10:05:02 INFO  time: compiled scala_files_f4dd477a3a in 1.71s
2024.11.07 10:05:02 INFO  compiling scala_files_f4dd477a3a (7 scala sources)
2024.11.07 10:05:04 INFO  time: compiled scala_files_f4dd477a3a in 1.81s
2024.11.07 10:05:04 INFO  Scala CLI started for /Users/atharvakulkarni/Desktop/IITB/BTP/scala_files
2024.11.07 10:05:04 INFO  no build target found for /Users/atharvakulkarni/Desktop/IITB/BTP/ntt_accel/src/main/scala/AddressGenerator.scala. Using presentation compiler with project's scala-library version: 2.12.19
2024.11.07 10:05:04 WARN  no build tool detected in workspace '/Users/atharvakulkarni/Desktop/IITB/BTP/scala_files'. The most common cause for this problem is that the editor was opened in the wrong working directory, for example if you use sbt then the workspace directory should contain build.sbt. 
2024.11.07 10:05:04 WARN  Build server is not auto-connectable.
2024.11.07 10:05:04 INFO  compiling scala_files_f4dd477a3a (7 scala sources)
2024.11.07 10:05:07 INFO  time: compiled scala_files_f4dd477a3a in 2.09s
2024.11.07 10:05:07 INFO  no build target found for /Users/atharvakulkarni/Desktop/IITB/BTP/ntt_accel/src/main/scala/AddressGenerator.scala. Using presentation compiler with project's scala-library version: 2.12.19
Nov 07, 2024 10:05:09 AM org.eclipse.lsp4j.jsonrpc.services.GenericEndpoint notify
INFO: Unsupported notification method: $/setTrace
2024.11.07 10:05:33 INFO  no build target found for /Users/atharvakulkarni/Desktop/IITB/BTP/ntt_accel/src/main/scala/AddressGenerator.scala. Using presentation compiler with project's scala-library version: 2.12.19
2024.11.07 10:05:33 INFO  no build target found for /Users/atharvakulkarni/Desktop/IITB/BTP/ntt_accel/src/main/scala/AddressGenerator.scala. Using presentation compiler with project's scala-library version: 2.12.19
2024.11.07 10:05:59 INFO  no build target found for /Users/atharvakulkarni/Desktop/IITB/BTP/ntt_accel/src/main/scala/AddressGenerator.scala. Using presentation compiler with project's scala-library version: 2.12.19
2024.11.07 10:05:59 INFO  no build target found for /Users/atharvakulkarni/Desktop/IITB/BTP/ntt_accel/src/main/scala/AddressGenerator.scala. Using presentation compiler with project's scala-library version: 2.12.19
2024.11.07 10:06:00 INFO  no build target found for /Users/atharvakulkarni/Desktop/IITB/BTP/ntt_accel/src/main/scala/AddressGenerator.scala. Using presentation compiler with project's scala-library version: 2.12.19
2024.11.07 10:06:00 INFO  no build target found for /Users/atharvakulkarni/Desktop/IITB/BTP/ntt_accel/src/main/scala/AddressGenerator.scala. Using presentation compiler with project's scala-library version: 2.12.19
2024.11.07 10:06:01 INFO  no build target found for /Users/atharvakulkarni/Desktop/IITB/BTP/ntt_accel/src/main/scala/AddressGenerator.scala. Using presentation compiler with project's scala-library version: 2.12.19
2024.11.07 10:06:01 INFO  no build target found for /Users/atharvakulkarni/Desktop/IITB/BTP/ntt_accel/src/main/scala/AddressGenerator.scala. Using presentation compiler with project's scala-library version: 2.12.19
2024.11.07 10:06:01 INFO  no build target found for /Users/atharvakulkarni/Desktop/IITB/BTP/ntt_accel/src/main/scala/AddressGenerator.scala. Using presentation compiler with project's scala-library version: 2.12.19
2024.11.07 10:06:01 INFO  no build target found for /Users/atharvakulkarni/Desktop/IITB/BTP/ntt_accel/src/main/scala/AddressGenerator.scala. Using presentation compiler with project's scala-library version: 2.12.19
2024.11.07 10:06:01 INFO  no build target found for /Users/atharvakulkarni/Desktop/IITB/BTP/ntt_accel/src/main/scala/AddressGenerator.scala. Using presentation compiler with project's scala-library version: 2.12.19
2024.11.07 10:06:01 INFO  no build target found for /Users/atharvakulkarni/Desktop/IITB/BTP/ntt_accel/src/main/scala/AddressGenerator.scala. Using presentation compiler with project's scala-library version: 2.12.19
2024.11.07 10:06:01 INFO  no build target found for /Users/atharvakulkarni/Desktop/IITB/BTP/ntt_accel/src/main/scala/AddressGenerator.scala. Using presentation compiler with project's scala-library version: 2.12.19
2024.11.07 10:06:01 INFO  no build target found for /Users/atharvakulkarni/Desktop/IITB/BTP/ntt_accel/src/main/scala/AddressGenerator.scala. Using presentation compiler with project's scala-library version: 2.12.19
2024.11.07 10:06:01 INFO  no build target found for /Users/atharvakulkarni/Desktop/IITB/BTP/ntt_accel/src/main/scala/AddressGenerator.scala. Using presentation compiler with project's scala-library version: 2.12.19
2024.11.07 10:06:01 INFO  no build target found for /Users/atharvakulkarni/Desktop/IITB/BTP/ntt_accel/src/main/scala/AddressGenerator.scala. Using presentation compiler with project's scala-library version: 2.12.19
2024.11.07 10:06:02 INFO  no build target found for /Users/atharvakulkarni/Desktop/IITB/BTP/ntt_accel/src/main/scala/AddressGenerator.scala. Using presentation compiler with project's scala-library version: 2.12.19
2024.11.07 10:06:02 INFO  no build target found for /Users/atharvakulkarni/Desktop/IITB/BTP/ntt_accel/src/main/scala/AddressGenerator.scala. Using presentation compiler with project's scala-library version: 2.12.19
2024.11.07 10:06:02 INFO  no build target found for /Users/atharvakulkarni/Desktop/IITB/BTP/ntt_accel/src/main/scala/AddressGenerator.scala. Using presentation compiler with project's scala-library version: 2.12.19
2024.11.07 10:06:02 INFO  no build target found for /Users/atharvakulkarni/Desktop/IITB/BTP/ntt_accel/src/main/scala/AddressGenerator.scala. Using presentation compiler with project's scala-library version: 2.12.19
2024.11.07 10:06:03 INFO  no build target found for /Users/atharvakulkarni/Desktop/IITB/BTP/ntt_accel/src/main/scala/AddressGenerator.scala. Using presentation compiler with project's scala-library version: 2.12.19
2024.11.07 10:06:03 INFO  no build target found for /Users/atharvakulkarni/Desktop/IITB/BTP/ntt_accel/src/main/scala/AddressGenerator.scala. Using presentation compiler with project's scala-library version: 2.12.19
2024.11.07 10:06:05 INFO  no build target found for /Users/atharvakulkarni/Desktop/IITB/BTP/ntt_accel/src/main/scala/AddressGenerator.scala. Using presentation compiler with project's scala-library version: 2.12.19
2024.11.07 10:06:05 INFO  no build target found for /Users/atharvakulkarni/Desktop/IITB/BTP/ntt_accel/src/main/scala/AddressGenerator.scala. Using presentation compiler with project's scala-library version: 2.12.19
2024.11.07 10:06:05 INFO  no build target found for /Users/atharvakulkarni/Desktop/IITB/BTP/ntt_accel/src/main/scala/AddressGenerator.scala. Using presentation compiler with project's scala-library version: 2.12.19
2024.11.07 10:06:06 INFO  no build target found for /Users/atharvakulkarni/Desktop/IITB/BTP/ntt_accel/src/main/scala/AddressGenerator.scala. Using presentation compiler with project's scala-library version: 2.12.19
2024.11.07 10:06:05 INFO  no build target found for /Users/atharvakulkarni/Desktop/IITB/BTP/ntt_accel/src/main/scala/AddressGenerator.scala. Using presentation compiler with project's scala-library version: 2.12.19
2024.11.07 10:06:05 INFO  no build target found for /Users/atharvakulkarni/Desktop/IITB/BTP/ntt_accel/src/main/scala/AddressGenerator.scala. Using presentation compiler with project's scala-library version: 2.12.19
2024.11.07 10:06:06 INFO  no build target found for /Users/atharvakulkarni/Desktop/IITB/BTP/ntt_accel/src/main/scala/AddressGenerator.scala. Using presentation compiler with project's scala-library version: 2.12.19
2024.11.07 10:06:06 INFO  no build target found for /Users/atharvakulkarni/Desktop/IITB/BTP/ntt_accel/src/main/scala/AddressGenerator.scala. Using presentation compiler with project's scala-library version: 2.12.19
2024.11.07 10:06:06 INFO  no build target found for /Users/atharvakulkarni/Desktop/IITB/BTP/ntt_accel/src/main/scala/AddressGenerator.scala. Using presentation compiler with project's scala-library version: 2.12.19
2024.11.07 10:06:06 INFO  no build target found for /Users/atharvakulkarni/Desktop/IITB/BTP/ntt_accel/src/main/scala/AddressGenerator.scala. Using presentation compiler with project's scala-library version: 2.12.19
2024.11.07 10:06:06 INFO  no build target found for /Users/atharvakulkarni/Desktop/IITB/BTP/ntt_accel/src/main/scala/AddressGenerator.scala. Using presentation compiler with project's scala-library version: 2.12.19
2024.11.07 10:06:06 INFO  no build target found for /Users/atharvakulkarni/Desktop/IITB/BTP/ntt_accel/src/main/scala/AddressGenerator.scala. Using presentation compiler with project's scala-library version: 2.12.19
2024.11.07 10:06:07 INFO  no build target found for /Users/atharvakulkarni/Desktop/IITB/BTP/ntt_accel/src/main/scala/AddressGenerator.scala. Using presentation compiler with project's scala-library version: 2.12.19
2024.11.07 10:06:06 INFO  no build target found for /Users/atharvakulkarni/Desktop/IITB/BTP/ntt_accel/src/main/scala/AddressGenerator.scala. Using presentation compiler with project's scala-library version: 2.12.19
2024.11.07 10:06:06 INFO  no build target found for /Users/atharvakulkarni/Desktop/IITB/BTP/ntt_accel/src/main/scala/AddressGenerator.scala. Using presentation compiler with project's scala-library version: 2.12.19
2024.11.07 10:06:06 INFO  no build target found for /Users/atharvakulkarni/Desktop/IITB/BTP/ntt_accel/src/main/scala/AddressGenerator.scala. Using presentation compiler with project's scala-library version: 2.12.19
2024.11.07 10:06:07 INFO  no build target found for /Users/atharvakulkarni/Desktop/IITB/BTP/ntt_accel/src/main/scala/AddressGenerator.scala. Using presentation compiler with project's scala-library version: 2.12.19
2024.11.07 10:06:08 INFO  no build target found for /Users/atharvakulkarni/Desktop/IITB/BTP/ntt_accel/src/main/scala/AddressGenerator.scala. Using presentation compiler with project's scala-library version: 2.12.19
2024.11.07 10:06:08 INFO  no build target found for /Users/atharvakulkarni/Desktop/IITB/BTP/ntt_accel/src/main/scala/AddressGenerator.scala. Using presentation compiler with project's scala-library version: 2.12.19
2024.11.07 10:06:08 INFO  no build target found for /Users/atharvakulkarni/Desktop/IITB/BTP/ntt_accel/src/main/scala/AddressGenerator.scala. Using presentation compiler with project's scala-library version: 2.12.19
2024.11.07 10:06:08 INFO  no build target found for /Users/atharvakulkarni/Desktop/IITB/BTP/ntt_accel/src/main/scala/AddressGenerator.scala. Using presentation compiler with project's scala-library version: 2.12.19
2024.11.07 10:06:08 INFO  no build target found for /Users/atharvakulkarni/Desktop/IITB/BTP/ntt_accel/src/main/scala/AddressGenerator.scala. Using presentation compiler with project's scala-library version: 2.12.19
2024.11.07 10:06:08 INFO  no build target found for /Users/atharvakulkarni/Desktop/IITB/BTP/ntt_accel/src/main/scala/AddressGenerator.scala. Using presentation compiler with project's scala-library version: 2.12.19
2024.11.07 10:06:08 INFO  no build target found for /Users/atharvakulkarni/Desktop/IITB/BTP/ntt_accel/src/main/scala/AddressGenerator.scala. Using presentation compiler with project's scala-library version: 2.12.19
2024.11.07 10:06:08 INFO  no build target found for /Users/atharvakulkarni/Desktop/IITB/BTP/ntt_accel/src/main/scala/AddressGenerator.scala. Using presentation compiler with project's scala-library version: 2.12.19
2024.11.07 10:06:08 INFO  no build target found for /Users/atharvakulkarni/Desktop/IITB/BTP/ntt_accel/src/main/scala/AddressGenerator.scala. Using presentation compiler with project's scala-library version: 2.12.19
2024.11.07 10:06:09 INFO  no build target found for /Users/atharvakulkarni/Desktop/IITB/BTP/ntt_accel/src/main/scala/AddressGenerator.scala. Using presentation compiler with project's scala-library version: 2.12.19
2024.11.07 10:06:10 INFO  no build target found for /Users/atharvakulkarni/Desktop/IITB/BTP/ntt_accel/src/main/scala/AddressGenerator.scala. Using presentation compiler with project's scala-library version: 2.12.19
2024.11.07 10:06:09 INFO  no build target found for /Users/atharvakulkarni/Desktop/IITB/BTP/ntt_accel/src/main/scala/AddressGenerator.scala. Using presentation compiler with project's scala-library version: 2.12.19
2024.11.07 10:06:10 INFO  no build target found for /Users/atharvakulkarni/Desktop/IITB/BTP/ntt_accel/src/main/scala/AddressGenerator.scala. Using presentation compiler with project's scala-library version: 2.12.19
2024.11.07 10:06:12 INFO  no build target found for /Users/atharvakulkarni/Desktop/IITB/BTP/ntt_accel/src/main/scala/AddressGenerator.scala. Using presentation compiler with project's scala-library version: 2.12.19
2024.11.07 10:06:12 INFO  no build target found for /Users/atharvakulkarni/Desktop/IITB/BTP/ntt_accel/src/main/scala/AddressGenerator.scala. Using presentation compiler with project's scala-library version: 2.12.19
2024.11.07 10:06:12 INFO  no build target found for /Users/atharvakulkarni/Desktop/IITB/BTP/ntt_accel/src/main/scala/AddressGenerator.scala. Using presentation compiler with project's scala-library version: 2.12.19
2024.11.07 10:06:12 INFO  no build target found for /Users/atharvakulkarni/Desktop/IITB/BTP/ntt_accel/src/main/scala/AddressGenerator.scala. Using presentation compiler with project's scala-library version: 2.12.19
2024.11.07 10:06:14 INFO  no build target found for /Users/atharvakulkarni/Desktop/IITB/BTP/ntt_accel/src/main/scala/AddressGenerator.scala. Using presentation compiler with project's scala-library version: 2.12.19
2024.11.07 10:06:14 INFO  no build target found for /Users/atharvakulkarni/Desktop/IITB/BTP/ntt_accel/src/main/scala/AddressGenerator.scala. Using presentation compiler with project's scala-library version: 2.12.19
2024.11.07 10:06:14 INFO  no build target found for /Users/atharvakulkarni/Desktop/IITB/BTP/ntt_accel/src/main/scala/AddressGenerator.scala. Using presentation compiler with project's scala-library version: 2.12.19
2024.11.07 10:06:14 INFO  no build target found for /Users/atharvakulkarni/Desktop/IITB/BTP/ntt_accel/src/main/scala/AddressGenerator.scala. Using presentation compiler with project's scala-library version: 2.12.19
2024.11.07 10:06:14 INFO  no build target found for /Users/atharvakulkarni/Desktop/IITB/BTP/ntt_accel/src/main/scala/AddressGenerator.scala. Using presentation compiler with project's scala-library version: 2.12.19
2024.11.07 10:06:14 INFO  no build target found for /Users/atharvakulkarni/Desktop/IITB/BTP/ntt_accel/src/main/scala/AddressGenerator.scala. Using presentation compiler with project's scala-library version: 2.12.19
2024.11.07 10:06:14 INFO  no build target found for /Users/atharvakulkarni/Desktop/IITB/BTP/ntt_accel/src/main/scala/AddressGenerator.scala. Using presentation compiler with project's scala-library version: 2.12.19
2024.11.07 10:06:15 INFO  no build target found for /Users/atharvakulkarni/Desktop/IITB/BTP/ntt_accel/src/main/scala/AddressGenerator.scala. Using presentation compiler with project's scala-library version: 2.12.19
2024.11.07 10:06:15 INFO  no build target found for /Users/atharvakulkarni/Desktop/IITB/BTP/ntt_accel/src/main/scala/AddressGenerator.scala. Using presentation compiler with project's scala-library version: 2.12.19
2024.11.07 10:06:15 INFO  no build target found for /Users/atharvakulkarni/Desktop/IITB/BTP/ntt_accel/src/main/scala/AddressGenerator.scala. Using presentation compiler with project's scala-library version: 2.12.19
2024.11.07 10:06:16 INFO  no build target found for /Users/atharvakulkarni/Desktop/IITB/BTP/ntt_accel/src/main/scala/AddressGenerator.scala. Using presentation compiler with project's scala-library version: 2.12.19
2024.11.07 10:06:15 INFO  no build target found for /Users/atharvakulkarni/Desktop/IITB/BTP/ntt_accel/src/main/scala/AddressGenerator.scala. Using presentation compiler with project's scala-library version: 2.12.19
2024.11.07 10:06:16 INFO  no build target found for /Users/atharvakulkarni/Desktop/IITB/BTP/ntt_accel/src/main/scala/AddressGenerator.scala. Using presentation compiler with project's scala-library version: 2.12.19
2024.11.07 10:06:18 INFO  no build target found for /Users/atharvakulkarni/Desktop/IITB/BTP/ntt_accel/src/main/scala/AddressGenerator.scala. Using presentation compiler with project's scala-library version: 2.12.19
2024.11.07 10:06:18 INFO  no build target found for /Users/atharvakulkarni/Desktop/IITB/BTP/ntt_accel/src/main/scala/AddressGenerator.scala. Using presentation compiler with project's scala-library version: 2.12.19
2024.11.07 10:06:18 INFO  no build target found for /Users/atharvakulkarni/Desktop/IITB/BTP/ntt_accel/src/main/scala/AddressGenerator.scala. Using presentation compiler with project's scala-library version: 2.12.19
2024.11.07 10:06:20 INFO  no build target found for /Users/atharvakulkarni/Desktop/IITB/BTP/ntt_accel/src/main/scala/AddressGenerator.scala. Using presentation compiler with project's scala-library version: 2.12.19
2024.11.07 10:06:20 INFO  no build target found for /Users/atharvakulkarni/Desktop/IITB/BTP/ntt_accel/src/main/scala/AddressGenerator.scala. Using presentation compiler with project's scala-library version: 2.12.19
2024.11.07 10:06:20 INFO  no build target found for /Users/atharvakulkarni/Desktop/IITB/BTP/ntt_accel/src/main/scala/AddressGenerator.scala. Using presentation compiler with project's scala-library version: 2.12.19
2024.11.07 10:06:20 INFO  no build target found for /Users/atharvakulkarni/Desktop/IITB/BTP/ntt_accel/src/main/scala/AddressGenerator.scala. Using presentation compiler with project's scala-library version: 2.12.19
2024.11.07 10:06:22 INFO  no build target found for /Users/atharvakulkarni/Desktop/IITB/BTP/ntt_accel/src/main/scala/AddressGenerator.scala. Using presentation compiler with project's scala-library version: 2.12.19
2024.11.07 10:06:22 INFO  no build target found for /Users/atharvakulkarni/Desktop/IITB/BTP/ntt_accel/src/main/scala/AddressGenerator.scala. Using presentation compiler with project's scala-library version: 2.12.19
2024.11.07 10:06:22 INFO  no build target found for /Users/atharvakulkarni/Desktop/IITB/BTP/ntt_accel/src/main/scala/AddressGenerator.scala. Using presentation compiler with project's scala-library version: 2.12.19
2024.11.07 10:06:22 INFO  no build target found for /Users/atharvakulkarni/Desktop/IITB/BTP/ntt_accel/src/main/scala/AddressGenerator.scala. Using presentation compiler with project's scala-library version: 2.12.19
2024.11.07 10:06:22 INFO  no build target found for /Users/atharvakulkarni/Desktop/IITB/BTP/ntt_accel/src/main/scala/AddressGenerator.scala. Using presentation compiler with project's scala-library version: 2.12.19
2024.11.07 10:06:22 INFO  no build target found for /Users/atharvakulkarni/Desktop/IITB/BTP/ntt_accel/src/main/scala/AddressGenerator.scala. Using presentation compiler with project's scala-library version: 2.12.19
2024.11.07 10:06:23 INFO  no build target found for /Users/atharvakulkarni/Desktop/IITB/BTP/ntt_accel/src/main/scala/AddressGenerator.scala. Using presentation compiler with project's scala-library version: 2.12.19
2024.11.07 10:06:23 INFO  no build target found for /Users/atharvakulkarni/Desktop/IITB/BTP/ntt_accel/src/main/scala/AddressGenerator.scala. Using presentation compiler with project's scala-library version: 2.12.19
2024.11.07 10:06:23 INFO  no build target found for /Users/atharvakulkarni/Desktop/IITB/BTP/ntt_accel/src/main/scala/AddressGenerator.scala. Using presentation compiler with project's scala-library version: 2.12.19
2024.11.07 10:06:23 INFO  no build target found for /Users/atharvakulkarni/Desktop/IITB/BTP/ntt_accel/src/main/scala/AddressGenerator.scala. Using presentation compiler with project's scala-library version: 2.12.19
2024.11.07 10:06:24 INFO  no build target found for /Users/atharvakulkarni/Desktop/IITB/BTP/ntt_accel/src/main/scala/AddressGenerator.scala. Using presentation compiler with project's scala-library version: 2.12.19
2024.11.07 10:06:24 INFO  no build target found for /Users/atharvakulkarni/Desktop/IITB/BTP/ntt_accel/src/main/scala/AddressGenerator.scala. Using presentation compiler with project's scala-library version: 2.12.19
2024.11.07 10:06:25 INFO  no build target found for /Users/atharvakulkarni/Desktop/IITB/BTP/ntt_accel/src/main/scala/AddressGenerator.scala. Using presentation compiler with project's scala-library version: 2.12.19
2024.11.07 10:06:25 INFO  no build target found for /Users/atharvakulkarni/Desktop/IITB/BTP/ntt_accel/src/main/scala/AddressGenerator.scala. Using presentation compiler with project's scala-library version: 2.12.19
2024.11.07 10:06:26 INFO  no build target found for /Users/atharvakulkarni/Desktop/IITB/BTP/ntt_accel/src/main/scala/AddressGenerator.scala. Using presentation compiler with project's scala-library version: 2.12.19
2024.11.07 10:06:26 INFO  no build target found for /Users/atharvakulkarni/Desktop/IITB/BTP/ntt_accel/src/main/scala/AddressGenerator.scala. Using presentation compiler with project's scala-library version: 2.12.19
2024.11.07 10:06:26 INFO  no build target found for /Users/atharvakulkarni/Desktop/IITB/BTP/ntt_accel/src/main/scala/AddressGenerator.scala. Using presentation compiler with project's scala-library version: 2.12.19
2024.11.07 10:06:26 INFO  no build target found for /Users/atharvakulkarni/Desktop/IITB/BTP/ntt_accel/src/main/scala/AddressGenerator.scala. Using presentation compiler with project's scala-library version: 2.12.19
2024.11.07 10:06:26 INFO  no build target found for /Users/atharvakulkarni/Desktop/IITB/BTP/ntt_accel/src/main/scala/AddressGenerator.scala. Using presentation compiler with project's scala-library version: 2.12.19
2024.11.07 10:06:26 INFO  no build target found for /Users/atharvakulkarni/Desktop/IITB/BTP/ntt_accel/src/main/scala/AddressGenerator.scala. Using presentation compiler with project's scala-library version: 2.12.19
2024.11.07 10:06:26 INFO  no build target found for /Users/atharvakulkarni/Desktop/IITB/BTP/ntt_accel/src/main/scala/AddressGenerator.scala. Using presentation compiler with project's scala-library version: 2.12.19
2024.11.07 10:06:30 INFO  no build target found for /Users/atharvakulkarni/Desktop/IITB/BTP/ntt_accel/src/main/scala/AddressGenerator.scala. Using presentation compiler with project's scala-library version: 2.12.19
2024.11.07 10:06:30 INFO  no build target found for /Users/atharvakulkarni/Desktop/IITB/BTP/ntt_accel/src/main/scala/AddressGenerator.scala. Using presentation compiler with project's scala-library version: 2.12.19
2024.11.07 10:06:30 INFO  no build target found for /Users/atharvakulkarni/Desktop/IITB/BTP/ntt_accel/src/main/scala/AddressGenerator.scala. Using presentation compiler with project's scala-library version: 2.12.19
2024.11.07 10:06:30 INFO  no build target found for /Users/atharvakulkarni/Desktop/IITB/BTP/ntt_accel/src/main/scala/AddressGenerator.scala. Using presentation compiler with project's scala-library version: 2.12.19
2024.11.07 10:06:30 INFO  no build target found for /Users/atharvakulkarni/Desktop/IITB/BTP/ntt_accel/src/main/scala/AddressGenerator.scala. Using presentation compiler with project's scala-library version: 2.12.19
2024.11.07 10:06:30 INFO  no build target found for /Users/atharvakulkarni/Desktop/IITB/BTP/ntt_accel/src/main/scala/AddressGenerator.scala. Using presentation compiler with project's scala-library version: 2.12.19
2024.11.07 10:06:30 INFO  no build target found for /Users/atharvakulkarni/Desktop/IITB/BTP/ntt_accel/src/main/scala/AddressGenerator.scala. Using presentation compiler with project's scala-library version: 2.12.19
2024.11.07 10:06:30 INFO  no build target found for /Users/atharvakulkarni/Desktop/IITB/BTP/ntt_accel/src/main/scala/AddressGenerator.scala. Using presentation compiler with project's scala-library version: 2.12.19
2024.11.07 10:06:30 INFO  no build target found for /Users/atharvakulkarni/Desktop/IITB/BTP/ntt_accel/src/main/scala/AddressGenerator.scala. Using presentation compiler with project's scala-library version: 2.12.19
2024.11.07 10:06:30 INFO  no build target found for /Users/atharvakulkarni/Desktop/IITB/BTP/ntt_accel/src/main/scala/AddressGenerator.scala. Using presentation compiler with project's scala-library version: 2.12.19
2024.11.07 10:06:32 INFO  no build target found for /Users/atharvakulkarni/Desktop/IITB/BTP/ntt_accel/src/main/scala/AddressGenerator.scala. Using presentation compiler with project's scala-library version: 2.12.19
2024.11.07 10:06:32 INFO  no build target found for /Users/atharvakulkarni/Desktop/IITB/BTP/ntt_accel/src/main/scala/AddressGenerator.scala. Using presentation compiler with project's scala-library version: 2.12.19
2024.11.07 10:06:32 INFO  no build target found for /Users/atharvakulkarni/Desktop/IITB/BTP/ntt_accel/src/main/scala/AddressGenerator.scala. Using presentation compiler with project's scala-library version: 2.12.19
2024.11.07 10:06:32 INFO  no build target found for /Users/atharvakulkarni/Desktop/IITB/BTP/ntt_accel/src/main/scala/AddressGenerator.scala. Using presentation compiler with project's scala-library version: 2.12.19
2024.11.07 10:06:40 INFO  no build target found for /Users/atharvakulkarni/Desktop/IITB/BTP/ntt_accel/src/main/scala/AddressGenerator.scala. Using presentation compiler with project's scala-library version: 2.12.19
2024.11.07 10:06:40 INFO  no build target found for /Users/atharvakulkarni/Desktop/IITB/BTP/ntt_accel/src/main/scala/AddressGenerator.scala. Using presentation compiler with project's scala-library version: 2.12.19
2024.11.07 10:06:40 INFO  no build target found for /Users/atharvakulkarni/Desktop/IITB/BTP/ntt_accel/src/main/scala/AddressGenerator.scala. Using presentation compiler with project's scala-library version: 2.12.19
2024.11.07 10:06:40 INFO  no build target found for /Users/atharvakulkarni/Desktop/IITB/BTP/ntt_accel/src/main/scala/AddressGenerator.scala. Using presentation compiler with project's scala-library version: 2.12.19
2024.11.07 10:07:06 INFO  no build target found for /Users/atharvakulkarni/Desktop/IITB/BTP/ntt_accel/src/main/scala/AddressGenerator.scala. Using presentation compiler with project's scala-library version: 2.12.19
2024.11.07 10:07:19 INFO  no build target found for /Users/atharvakulkarni/Desktop/IITB/BTP/ntt_accel/src/main/scala/AddressGenerator.scala. Using presentation compiler with project's scala-library version: 2.12.19
2024.11.07 10:07:23 INFO  no build target found for /Users/atharvakulkarni/Desktop/IITB/BTP/ntt_accel/src/main/scala/AddressGenerator.scala. Using presentation compiler with project's scala-library version: 2.12.19
2024.11.07 10:07:23 INFO  no build target found for /Users/atharvakulkarni/Desktop/IITB/BTP/ntt_accel/src/main/scala/AddressGenerator.scala. Using presentation compiler with project's scala-library version: 2.12.19
2024.11.07 10:07:24 INFO  no build target found for /Users/atharvakulkarni/Desktop/IITB/BTP/ntt_accel/src/main/scala/AddressGenerator.scala. Using presentation compiler with project's scala-library version: 2.12.19
2024.11.07 10:07:24 INFO  no build target found for /Users/atharvakulkarni/Desktop/IITB/BTP/ntt_accel/src/main/scala/AddressGenerator.scala. Using presentation compiler with project's scala-library version: 2.12.19
2024.11.07 10:07:25 INFO  no build target found for /Users/atharvakulkarni/Desktop/IITB/BTP/ntt_accel/src/main/scala/AddressGenerator.scala. Using presentation compiler with project's scala-library version: 2.12.19
2024.11.07 10:07:25 INFO  no build target found for /Users/atharvakulkarni/Desktop/IITB/BTP/ntt_accel/src/main/scala/AddressGenerator.scala. Using presentation compiler with project's scala-library version: 2.12.19
2024.11.07 10:07:24 INFO  no build target found for /Users/atharvakulkarni/Desktop/IITB/BTP/ntt_accel/src/main/scala/AddressGenerator.scala. Using presentation compiler with project's scala-library version: 2.12.19
2024.11.07 10:07:25 INFO  no build target found for /Users/atharvakulkarni/Desktop/IITB/BTP/ntt_accel/src/main/scala/AddressGenerator.scala. Using presentation compiler with project's scala-library version: 2.12.19
2024.11.07 10:07:25 INFO  no build target found for /Users/atharvakulkarni/Desktop/IITB/BTP/ntt_accel/src/main/scala/AddressGenerator.scala. Using presentation compiler with project's scala-library version: 2.12.19
2024.11.07 10:07:27 INFO  no build target found for /Users/atharvakulkarni/Desktop/IITB/BTP/ntt_accel/src/main/scala/AddressGenerator.scala. Using presentation compiler with project's scala-library version: 2.12.19
2024.11.07 10:07:27 INFO  no build target found for /Users/atharvakulkarni/Desktop/IITB/BTP/ntt_accel/src/main/scala/AddressGenerator.scala. Using presentation compiler with project's scala-library version: 2.12.19
2024.11.07 10:07:27 INFO  no build target found for /Users/atharvakulkarni/Desktop/IITB/BTP/ntt_accel/src/main/scala/AddressGenerator.scala. Using presentation compiler with project's scala-library version: 2.12.19
2024.11.07 10:07:27 INFO  no build target found for /Users/atharvakulkarni/Desktop/IITB/BTP/ntt_accel/src/main/scala/AddressGenerator.scala. Using presentation compiler with project's scala-library version: 2.12.19
2024.11.07 10:07:27 INFO  no build target found for /Users/atharvakulkarni/Desktop/IITB/BTP/ntt_accel/src/main/scala/AddressGenerator.scala. Using presentation compiler with project's scala-library version: 2.12.19
2024.11.07 10:07:27 INFO  no build target found for /Users/atharvakulkarni/Desktop/IITB/BTP/ntt_accel/src/main/scala/AddressGenerator.scala. Using presentation compiler with project's scala-library version: 2.12.19
2024.11.07 10:07:28 INFO  no build target found for /Users/atharvakulkarni/Desktop/IITB/BTP/ntt_accel/src/main/scala/AddressGenerator.scala. Using presentation compiler with project's scala-library version: 2.12.19
2024.11.07 10:07:28 INFO  no build target found for /Users/atharvakulkarni/Desktop/IITB/BTP/ntt_accel/src/main/scala/AddressGenerator.scala. Using presentation compiler with project's scala-library version: 2.12.19
2024.11.07 10:07:29 INFO  no build target found for /Users/atharvakulkarni/Desktop/IITB/BTP/ntt_accel/src/main/scala/AddressGenerator.scala. Using presentation compiler with project's scala-library version: 2.12.19
2024.11.07 10:07:29 INFO  no build target found for /Users/atharvakulkarni/Desktop/IITB/BTP/ntt_accel/src/main/scala/AddressGenerator.scala. Using presentation compiler with project's scala-library version: 2.12.19
2024.11.07 10:07:29 INFO  no build target found for /Users/atharvakulkarni/Desktop/IITB/BTP/ntt_accel/src/main/scala/AddressGenerator.scala. Using presentation compiler with project's scala-library version: 2.12.19
2024.11.07 10:07:32 INFO  no build target found for /Users/atharvakulkarni/Desktop/IITB/BTP/ntt_accel/src/main/scala/AddressGenerator.scala. Using presentation compiler with project's scala-library version: 2.12.19
2024.11.07 10:07:32 INFO  no build target found for /Users/atharvakulkarni/Desktop/IITB/BTP/ntt_accel/src/main/scala/AddressGenerator.scala. Using presentation compiler with project's scala-library version: 2.12.19
2024.11.07 10:07:32 INFO  no build target found for /Users/atharvakulkarni/Desktop/IITB/BTP/ntt_accel/src/main/scala/AddressGenerator.scala. Using presentation compiler with project's scala-library version: 2.12.19
2024.11.07 10:07:32 INFO  no build target found for /Users/atharvakulkarni/Desktop/IITB/BTP/ntt_accel/src/main/scala/AddressGenerator.scala. Using presentation compiler with project's scala-library version: 2.12.19
2024.11.07 10:07:32 INFO  no build target found for /Users/atharvakulkarni/Desktop/IITB/BTP/ntt_accel/src/main/scala/AddressGenerator.scala. Using presentation compiler with project's scala-library version: 2.12.19
2024.11.07 10:07:32 INFO  no build target found for /Users/atharvakulkarni/Desktop/IITB/BTP/ntt_accel/src/main/scala/AddressGenerator.scala. Using presentation compiler with project's scala-library version: 2.12.19
2024.11.07 10:07:35 INFO  no build target found for /Users/atharvakulkarni/Desktop/IITB/BTP/ntt_accel/src/main/scala/AddressGenerator.scala. Using presentation compiler with project's scala-library version: 2.12.19
2024.11.07 10:07:35 INFO  no build target found for /Users/atharvakulkarni/Desktop/IITB/BTP/ntt_accel/src/main/scala/AddressGenerator.scala. Using presentation compiler with project's scala-library version: 2.12.19
2024.11.07 10:07:35 INFO  no build target found for /Users/atharvakulkarni/Desktop/IITB/BTP/ntt_accel/src/main/scala/AddressGenerator.scala. Using presentation compiler with project's scala-library version: 2.12.19
2024.11.07 10:07:35 INFO  no build target found for /Users/atharvakulkarni/Desktop/IITB/BTP/ntt_accel/src/main/scala/AddressGenerator.scala. Using presentation compiler with project's scala-library version: 2.12.19
2024.11.07 10:07:35 INFO  no build target found for /Users/atharvakulkarni/Desktop/IITB/BTP/ntt_accel/src/main/scala/AddressGenerator.scala. Using presentation compiler with project's scala-library version: 2.12.19
2024.11.07 10:07:35 INFO  no build target found for /Users/atharvakulkarni/Desktop/IITB/BTP/ntt_accel/src/main/scala/AddressGenerator.scala. Using presentation compiler with project's scala-library version: 2.12.19
2024.11.07 10:07:35 INFO  no build target found for /Users/atharvakulkarni/Desktop/IITB/BTP/ntt_accel/src/main/scala/AddressGenerator.scala. Using presentation compiler with project's scala-library version: 2.12.19
2024.11.07 10:07:35 INFO  no build target found for /Users/atharvakulkarni/Desktop/IITB/BTP/ntt_accel/src/main/scala/AddressGenerator.scala. Using presentation compiler with project's scala-library version: 2.12.19
2024.11.07 10:07:35 INFO  no build target found for /Users/atharvakulkarni/Desktop/IITB/BTP/ntt_accel/src/main/scala/AddressGenerator.scala. Using presentation compiler with project's scala-library version: 2.12.19
2024.11.07 10:07:35 INFO  no build target found for /Users/atharvakulkarni/Desktop/IITB/BTP/ntt_accel/src/main/scala/AddressGenerator.scala. Using presentation compiler with project's scala-library version: 2.12.19
2024.11.07 10:07:35 INFO  no build target found for /Users/atharvakulkarni/Desktop/IITB/BTP/ntt_accel/src/main/scala/AddressGenerator.scala. Using presentation compiler with project's scala-library version: 2.12.19
2024.11.07 10:07:35 INFO  no build target found for /Users/atharvakulkarni/Desktop/IITB/BTP/ntt_accel/src/main/scala/AddressGenerator.scala. Using presentation compiler with project's scala-library version: 2.12.19
2024.11.07 10:07:36 INFO  no build target found for /Users/atharvakulkarni/Desktop/IITB/BTP/ntt_accel/src/main/scala/AddressGenerator.scala. Using presentation compiler with project's scala-library version: 2.12.19
2024.11.07 10:07:36 INFO  no build target found for /Users/atharvakulkarni/Desktop/IITB/BTP/ntt_accel/src/main/scala/AddressGenerator.scala. Using presentation compiler with project's scala-library version: 2.12.19
2024.11.07 10:07:36 INFO  no build target found for /Users/atharvakulkarni/Desktop/IITB/BTP/ntt_accel/src/main/scala/AddressGenerator.scala. Using presentation compiler with project's scala-library version: 2.12.19
2024.11.07 10:07:36 INFO  no build target found for /Users/atharvakulkarni/Desktop/IITB/BTP/ntt_accel/src/main/scala/AddressGenerator.scala. Using presentation compiler with project's scala-library version: 2.12.19
2024.11.07 10:07:36 INFO  no build target found for /Users/atharvakulkarni/Desktop/IITB/BTP/ntt_accel/src/main/scala/AddressGenerator.scala. Using presentation compiler with project's scala-library version: 2.12.19
2024.11.07 10:07:36 INFO  no build target found for /Users/atharvakulkarni/Desktop/IITB/BTP/ntt_accel/src/main/scala/AddressGenerator.scala. Using presentation compiler with project's scala-library version: 2.12.19
2024.11.07 10:07:37 INFO  no build target found for /Users/atharvakulkarni/Desktop/IITB/BTP/ntt_accel/src/main/scala/AddressGenerator.scala. Using presentation compiler with project's scala-library version: 2.12.19
2024.11.07 10:07:36 INFO  no build target found for /Users/atharvakulkarni/Desktop/IITB/BTP/ntt_accel/src/main/scala/AddressGenerator.scala. Using presentation compiler with project's scala-library version: 2.12.19
2024.11.07 10:07:37 INFO  no build target found for /Users/atharvakulkarni/Desktop/IITB/BTP/ntt_accel/src/main/scala/AddressGenerator.scala. Using presentation compiler with project's scala-library version: 2.12.19
2024.11.07 10:07:41 INFO  no build target found for /Users/atharvakulkarni/Desktop/IITB/BTP/ntt_accel/src/main/scala/AddressGenerator.scala. Using presentation compiler with project's scala-library version: 2.12.19
2024.11.07 10:07:41 INFO  no build target found for /Users/atharvakulkarni/Desktop/IITB/BTP/ntt_accel/src/main/scala/AddressGenerator.scala. Using presentation compiler with project's scala-library version: 2.12.19
2024.11.07 10:07:41 INFO  no build target found for /Users/atharvakulkarni/Desktop/IITB/BTP/ntt_accel/src/main/scala/AddressGenerator.scala. Using presentation compiler with project's scala-library version: 2.12.19
2024.11.07 10:07:41 INFO  no build target found for /Users/atharvakulkarni/Desktop/IITB/BTP/ntt_accel/src/main/scala/AddressGenerator.scala. Using presentation compiler with project's scala-library version: 2.12.19
2024.11.07 10:07:41 INFO  no build target found for /Users/atharvakulkarni/Desktop/IITB/BTP/ntt_accel/src/main/scala/AddressGenerator.scala. Using presentation compiler with project's scala-library version: 2.12.19
2024.11.07 10:07:42 INFO  no build target found for /Users/atharvakulkarni/Desktop/IITB/BTP/ntt_accel/src/main/scala/AddressGenerator.scala. Using presentation compiler with project's scala-library version: 2.12.19
2024.11.07 10:07:42 INFO  no build target found for /Users/atharvakulkarni/Desktop/IITB/BTP/ntt_accel/src/main/scala/AddressGenerator.scala. Using presentation compiler with project's scala-library version: 2.12.19
2024.11.07 10:07:42 INFO  no build target found for /Users/atharvakulkarni/Desktop/IITB/BTP/ntt_accel/src/main/scala/AddressGenerator.scala. Using presentation compiler with project's scala-library version: 2.12.19
2024.11.07 10:07:42 INFO  no build target found for /Users/atharvakulkarni/Desktop/IITB/BTP/ntt_accel/src/main/scala/AddressGenerator.scala. Using presentation compiler with project's scala-library version: 2.12.19
2024.11.07 10:07:44 INFO  no build target found for /Users/atharvakulkarni/Desktop/IITB/BTP/ntt_accel/src/main/scala/AddressGenerator.scala. Using presentation compiler with project's scala-library version: 2.12.19
2024.11.07 10:07:44 INFO  no build target found for /Users/atharvakulkarni/Desktop/IITB/BTP/ntt_accel/src/main/scala/AddressGenerator.scala. Using presentation compiler with project's scala-library version: 2.12.19
2024.11.07 10:07:45 INFO  no build target found for /Users/atharvakulkarni/Desktop/IITB/BTP/ntt_accel/src/main/scala/AddressGenerator.scala. Using presentation compiler with project's scala-library version: 2.12.19
2024.11.07 10:07:45 INFO  no build target found for /Users/atharvakulkarni/Desktop/IITB/BTP/ntt_accel/src/main/scala/AddressGenerator.scala. Using presentation compiler with project's scala-library version: 2.12.19
2024.11.07 10:07:45 INFO  no build target found for /Users/atharvakulkarni/Desktop/IITB/BTP/ntt_accel/src/main/scala/AddressGenerator.scala. Using presentation compiler with project's scala-library version: 2.12.19
2024.11.07 10:07:48 INFO  no build target found for /Users/atharvakulkarni/Desktop/IITB/BTP/ntt_accel/src/main/scala/AddressGenerator.scala. Using presentation compiler with project's scala-library version: 2.12.19
2024.11.07 10:07:48 INFO  no build target found for /Users/atharvakulkarni/Desktop/IITB/BTP/ntt_accel/src/main/scala/AddressGenerator.scala. Using presentation compiler with project's scala-library version: 2.12.19
2024.11.07 10:07:48 INFO  no build target found for /Users/atharvakulkarni/Desktop/IITB/BTP/ntt_accel/src/main/scala/AddressGenerator.scala. Using presentation compiler with project's scala-library version: 2.12.19
2024.11.07 10:07:48 INFO  no build target found for /Users/atharvakulkarni/Desktop/IITB/BTP/ntt_accel/src/main/scala/AddressGenerator.scala. Using presentation compiler with project's scala-library version: 2.12.19
2024.11.07 10:07:50 INFO  no build target found for /Users/atharvakulkarni/Desktop/IITB/BTP/ntt_accel/src/main/scala/AddressGenerator.scala. Using presentation compiler with project's scala-library version: 2.12.19
2024.11.07 10:07:50 INFO  no build target found for /Users/atharvakulkarni/Desktop/IITB/BTP/ntt_accel/src/main/scala/AddressGenerator.scala. Using presentation compiler with project's scala-library version: 2.12.19
2024.11.07 10:07:51 INFO  no build target found for /Users/atharvakulkarni/Desktop/IITB/BTP/ntt_accel/src/main/scala/AddressGenerator.scala. Using presentation compiler with project's scala-library version: 2.12.19
2024.11.07 10:07:51 INFO  no build target found for /Users/atharvakulkarni/Desktop/IITB/BTP/ntt_accel/src/main/scala/AddressGenerator.scala. Using presentation compiler with project's scala-library version: 2.12.19
2024.11.07 10:07:51 INFO  no build target found for /Users/atharvakulkarni/Desktop/IITB/BTP/ntt_accel/src/main/scala/AddressGenerator.scala. Using presentation compiler with project's scala-library version: 2.12.19
2024.11.07 10:07:58 INFO  no build target found for /Users/atharvakulkarni/Desktop/IITB/BTP/ntt_accel/src/main/scala/AddressGenerator.scala. Using presentation compiler with project's scala-library version: 2.12.19
2024.11.07 10:07:59 INFO  no build target found for /Users/atharvakulkarni/Desktop/IITB/BTP/ntt_accel/src/main/scala/AddressGenerator.scala. Using presentation compiler with project's scala-library version: 2.12.19
2024.11.07 10:08:00 INFO  no build target found for /Users/atharvakulkarni/Desktop/IITB/BTP/ntt_accel/src/main/scala/AddressGenerator.scala. Using presentation compiler with project's scala-library version: 2.12.19
2024.11.07 10:08:01 INFO  no build target found for /Users/atharvakulkarni/Desktop/IITB/BTP/ntt_accel/src/main/scala/AddressGenerator.scala. Using presentation compiler with project's scala-library version: 2.12.19
2024.11.07 10:08:01 INFO  no build target found for /Users/atharvakulkarni/Desktop/IITB/BTP/ntt_accel/src/main/scala/AddressGenerator.scala. Using presentation compiler with project's scala-library version: 2.12.19
2024.11.07 10:08:00 INFO  no build target found for /Users/atharvakulkarni/Desktop/IITB/BTP/ntt_accel/src/main/scala/AddressGenerator.scala. Using presentation compiler with project's scala-library version: 2.12.19
2024.11.07 10:08:01 INFO  no build target found for /Users/atharvakulkarni/Desktop/IITB/BTP/ntt_accel/src/main/scala/AddressGenerator.scala. Using presentation compiler with project's scala-library version: 2.12.19
2024.11.07 10:08:01 INFO  no build target found for /Users/atharvakulkarni/Desktop/IITB/BTP/ntt_accel/src/main/scala/AddressGenerator.scala. Using presentation compiler with project's scala-library version: 2.12.19
2024.11.07 10:08:13 INFO  no build target found for /Users/atharvakulkarni/Desktop/IITB/BTP/ntt_accel/src/main/scala/AddressGenerator.scala. Using presentation compiler with project's scala-library version: 2.12.19
2024.11.07 10:08:13 INFO  no build target found for /Users/atharvakulkarni/Desktop/IITB/BTP/ntt_accel/src/main/scala/AddressGenerator.scala. Using presentation compiler with project's scala-library version: 2.12.19
2024.11.07 10:08:13 INFO  no build target found for /Users/atharvakulkarni/Desktop/IITB/BTP/ntt_accel/src/main/scala/AddressGenerator.scala. Using presentation compiler with project's scala-library version: 2.12.19
2024.11.07 10:08:13 INFO  no build target found for /Users/atharvakulkarni/Desktop/IITB/BTP/ntt_accel/src/main/scala/AddressGenerator.scala. Using presentation compiler with project's scala-library version: 2.12.19
2024.11.07 10:08:14 INFO  no build target found for /Users/atharvakulkarni/Desktop/IITB/BTP/ntt_accel/src/main/scala/AddressGenerator.scala. Using presentation compiler with project's scala-library version: 2.12.19
2024.11.07 10:08:14 INFO  no build target found for /Users/atharvakulkarni/Desktop/IITB/BTP/ntt_accel/src/main/scala/AddressGenerator.scala. Using presentation compiler with project's scala-library version: 2.12.19
2024.11.07 10:08:14 INFO  no build target found for /Users/atharvakulkarni/Desktop/IITB/BTP/ntt_accel/src/main/scala/AddressGenerator.scala. Using presentation compiler with project's scala-library version: 2.12.19
2024.11.07 10:08:14 INFO  no build target found for /Users/atharvakulkarni/Desktop/IITB/BTP/ntt_accel/src/main/scala/AddressGenerator.scala. Using presentation compiler with project's scala-library version: 2.12.19
2024.11.07 10:08:14 INFO  no build target found for /Users/atharvakulkarni/Desktop/IITB/BTP/ntt_accel/src/main/scala/AddressGenerator.scala. Using presentation compiler with project's scala-library version: 2.12.19
2024.11.07 10:08:16 INFO  no build target found for /Users/atharvakulkarni/Desktop/IITB/BTP/ntt_accel/src/main/scala/AddressGenerator.scala. Using presentation compiler with project's scala-library version: 2.12.19
2024.11.07 10:08:16 INFO  no build target found for /Users/atharvakulkarni/Desktop/IITB/BTP/ntt_accel/src/main/scala/AddressGenerator.scala. Using presentation compiler with project's scala-library version: 2.12.19
2024.11.07 10:08:16 INFO  no build target found for /Users/atharvakulkarni/Desktop/IITB/BTP/ntt_accel/src/main/scala/AddressGenerator.scala. Using presentation compiler with project's scala-library version: 2.12.19
2024.11.07 10:08:16 INFO  no build target found for /Users/atharvakulkarni/Desktop/IITB/BTP/ntt_accel/src/main/scala/AddressGenerator.scala. Using presentation compiler with project's scala-library version: 2.12.19
2024.11.07 10:08:17 INFO  no build target found for /Users/atharvakulkarni/Desktop/IITB/BTP/ntt_accel/src/main/scala/AddressGenerator.scala. Using presentation compiler with project's scala-library version: 2.12.19
2024.11.07 10:08:17 INFO  no build target found for /Users/atharvakulkarni/Desktop/IITB/BTP/ntt_accel/src/main/scala/AddressGenerator.scala. Using presentation compiler with project's scala-library version: 2.12.19
2024.11.07 10:08:18 INFO  no build target found for /Users/atharvakulkarni/Desktop/IITB/BTP/ntt_accel/src/main/scala/AddressGenerator.scala. Using presentation compiler with project's scala-library version: 2.12.19
2024.11.07 10:08:18 INFO  no build target found for /Users/atharvakulkarni/Desktop/IITB/BTP/ntt_accel/src/main/scala/AddressGenerator.scala. Using presentation compiler with project's scala-library version: 2.12.19
2024.11.07 10:08:19 INFO  no build target found for /Users/atharvakulkarni/Desktop/IITB/BTP/ntt_accel/src/main/scala/AddressGenerator.scala. Using presentation compiler with project's scala-library version: 2.12.19
2024.11.07 10:08:19 INFO  no build target found for /Users/atharvakulkarni/Desktop/IITB/BTP/ntt_accel/src/main/scala/AddressGenerator.scala. Using presentation compiler with project's scala-library version: 2.12.19
2024.11.07 10:08:19 INFO  no build target found for /Users/atharvakulkarni/Desktop/IITB/BTP/ntt_accel/src/main/scala/AddressGenerator.scala. Using presentation compiler with project's scala-library version: 2.12.19
2024.11.07 10:08:20 INFO  no build target found for /Users/atharvakulkarni/Desktop/IITB/BTP/ntt_accel/src/main/scala/AddressGenerator.scala. Using presentation compiler with project's scala-library version: 2.12.19
2024.11.07 10:08:20 INFO  no build target found for /Users/atharvakulkarni/Desktop/IITB/BTP/ntt_accel/src/main/scala/AddressGenerator.scala. Using presentation compiler with project's scala-library version: 2.12.19
2024.11.07 10:08:21 INFO  no build target found for /Users/atharvakulkarni/Desktop/IITB/BTP/ntt_accel/src/main/scala/AddressGenerator.scala. Using presentation compiler with project's scala-library version: 2.12.19
2024.11.07 10:08:20 INFO  no build target found for /Users/atharvakulkarni/Desktop/IITB/BTP/ntt_accel/src/main/scala/AddressGenerator.scala. Using presentation compiler with project's scala-library version: 2.12.19
2024.11.07 10:08:21 INFO  no build target found for /Users/atharvakulkarni/Desktop/IITB/BTP/ntt_accel/src/main/scala/AddressGenerator.scala. Using presentation compiler with project's scala-library version: 2.12.19
2024.11.07 10:08:21 INFO  no build target found for /Users/atharvakulkarni/Desktop/IITB/BTP/ntt_accel/src/main/scala/AddressGenerator.scala. Using presentation compiler with project's scala-library version: 2.12.19
2024.11.07 10:08:22 INFO  no build target found for /Users/atharvakulkarni/Desktop/IITB/BTP/ntt_accel/src/main/scala/AddressGenerator.scala. Using presentation compiler with project's scala-library version: 2.12.19
2024.11.07 10:08:22 INFO  no build target found for /Users/atharvakulkarni/Desktop/IITB/BTP/ntt_accel/src/main/scala/AddressGenerator.scala. Using presentation compiler with project's scala-library version: 2.12.19
2024.11.07 10:08:22 INFO  no build target found for /Users/atharvakulkarni/Desktop/IITB/BTP/ntt_accel/src/main/scala/AddressGenerator.scala. Using presentation compiler with project's scala-library version: 2.12.19
2024.11.07 10:08:22 INFO  no build target found for /Users/atharvakulkarni/Desktop/IITB/BTP/ntt_accel/src/main/scala/AddressGenerator.scala. Using presentation compiler with project's scala-library version: 2.12.19
2024.11.07 10:08:22 INFO  no build target found for /Users/atharvakulkarni/Desktop/IITB/BTP/ntt_accel/src/main/scala/AddressGenerator.scala. Using presentation compiler with project's scala-library version: 2.12.19
2024.11.07 10:08:23 INFO  no build target found for /Users/atharvakulkarni/Desktop/IITB/BTP/ntt_accel/src/main/scala/AddressGenerator.scala. Using presentation compiler with project's scala-library version: 2.12.19
2024.11.07 10:08:24 INFO  no build target found for /Users/atharvakulkarni/Desktop/IITB/BTP/ntt_accel/src/main/scala/AddressGenerator.scala. Using presentation compiler with project's scala-library version: 2.12.19
2024.11.07 10:08:24 INFO  no build target found for /Users/atharvakulkarni/Desktop/IITB/BTP/ntt_accel/src/main/scala/AddressGenerator.scala. Using presentation compiler with project's scala-library version: 2.12.19
2024.11.07 10:08:24 INFO  no build target found for /Users/atharvakulkarni/Desktop/IITB/BTP/ntt_accel/src/main/scala/AddressGenerator.scala. Using presentation compiler with project's scala-library version: 2.12.19
2024.11.07 10:08:24 INFO  no build target found for /Users/atharvakulkarni/Desktop/IITB/BTP/ntt_accel/src/main/scala/AddressGenerator.scala. Using presentation compiler with project's scala-library version: 2.12.19
2024.11.07 10:08:24 INFO  no build target found for /Users/atharvakulkarni/Desktop/IITB/BTP/ntt_accel/src/main/scala/AddressGenerator.scala. Using presentation compiler with project's scala-library version: 2.12.19
2024.11.07 10:08:24 INFO  no build target found for /Users/atharvakulkarni/Desktop/IITB/BTP/ntt_accel/src/main/scala/AddressGenerator.scala. Using presentation compiler with project's scala-library version: 2.12.19
2024.11.07 10:08:24 INFO  no build target found for /Users/atharvakulkarni/Desktop/IITB/BTP/ntt_accel/src/main/scala/AddressGenerator.scala. Using presentation compiler with project's scala-library version: 2.12.19
2024.11.07 10:08:25 INFO  no build target found for /Users/atharvakulkarni/Desktop/IITB/BTP/ntt_accel/src/main/scala/AddressGenerator.scala. Using presentation compiler with project's scala-library version: 2.12.19
2024.11.07 10:08:25 INFO  no build target found for /Users/atharvakulkarni/Desktop/IITB/BTP/ntt_accel/src/main/scala/AddressGenerator.scala. Using presentation compiler with project's scala-library version: 2.12.19
2024.11.07 10:08:25 INFO  no build target found for /Users/atharvakulkarni/Desktop/IITB/BTP/ntt_accel/src/main/scala/AddressGenerator.scala. Using presentation compiler with project's scala-library version: 2.12.19
2024.11.07 10:08:25 INFO  no build target found for /Users/atharvakulkarni/Desktop/IITB/BTP/ntt_accel/src/main/scala/AddressGenerator.scala. Using presentation compiler with project's scala-library version: 2.12.19
2024.11.07 10:08:26 INFO  no build target found for /Users/atharvakulkarni/Desktop/IITB/BTP/ntt_accel/src/main/scala/AddressGenerator.scala. Using presentation compiler with project's scala-library version: 2.12.19
2024.11.07 10:08:26 INFO  no build target found for /Users/atharvakulkarni/Desktop/IITB/BTP/ntt_accel/src/main/scala/AddressGenerator.scala. Using presentation compiler with project's scala-library version: 2.12.19
2024.11.07 10:08:27 INFO  no build target found for /Users/atharvakulkarni/Desktop/IITB/BTP/ntt_accel/src/main/scala/AddressGenerator.scala. Using presentation compiler with project's scala-library version: 2.12.19
2024.11.07 10:08:27 INFO  no build target found for /Users/atharvakulkarni/Desktop/IITB/BTP/ntt_accel/src/main/scala/AddressGenerator.scala. Using presentation compiler with project's scala-library version: 2.12.19
2024.11.07 10:08:28 INFO  no build target found for /Users/atharvakulkarni/Desktop/IITB/BTP/ntt_accel/src/main/scala/AddressGenerator.scala. Using presentation compiler with project's scala-library version: 2.12.19
2024.11.07 10:08:38 INFO  no build target found for /Users/atharvakulkarni/Desktop/IITB/BTP/ntt_accel/src/main/scala/AddressGenerator.scala. Using presentation compiler with project's scala-library version: 2.12.19
2024.11.07 10:08:38 INFO  no build target found for /Users/atharvakulkarni/Desktop/IITB/BTP/ntt_accel/src/main/scala/AddressGenerator.scala. Using presentation compiler with project's scala-library version: 2.12.19
2024.11.07 10:08:38 INFO  no build target found for /Users/atharvakulkarni/Desktop/IITB/BTP/ntt_accel/src/main/scala/AddressGenerator.scala. Using presentation compiler with project's scala-library version: 2.12.19
2024.11.07 10:08:40 INFO  no build target found for /Users/atharvakulkarni/Desktop/IITB/BTP/ntt_accel/src/main/scala/AddressGenerator.scala. Using presentation compiler with project's scala-library version: 2.12.19
2024.11.07 10:08:40 INFO  no build target found for /Users/atharvakulkarni/Desktop/IITB/BTP/ntt_accel/src/main/scala/AddressGenerator.scala. Using presentation compiler with project's scala-library version: 2.12.19
2024.11.07 10:08:40 INFO  no build target found for /Users/atharvakulkarni/Desktop/IITB/BTP/ntt_accel/src/main/scala/AddressGenerator.scala. Using presentation compiler with project's scala-library version: 2.12.19
2024.11.07 10:08:40 INFO  no build target found for /Users/atharvakulkarni/Desktop/IITB/BTP/ntt_accel/src/main/scala/AddressGenerator.scala. Using presentation compiler with project's scala-library version: 2.12.19
2024.11.07 10:08:40 INFO  no build target found for /Users/atharvakulkarni/Desktop/IITB/BTP/ntt_accel/src/main/scala/AddressGenerator.scala. Using presentation compiler with project's scala-library version: 2.12.19
2024.11.07 10:08:40 INFO  no build target found for /Users/atharvakulkarni/Desktop/IITB/BTP/ntt_accel/src/main/scala/AddressGenerator.scala. Using presentation compiler with project's scala-library version: 2.12.19
2024.11.07 10:08:40 INFO  no build target found for /Users/atharvakulkarni/Desktop/IITB/BTP/ntt_accel/src/main/scala/AddressGenerator.scala. Using presentation compiler with project's scala-library version: 2.12.19
2024.11.07 10:08:40 INFO  no build target found for /Users/atharvakulkarni/Desktop/IITB/BTP/ntt_accel/src/main/scala/AddressGenerator.scala. Using presentation compiler with project's scala-library version: 2.12.19
2024.11.07 10:08:40 INFO  no build target found for /Users/atharvakulkarni/Desktop/IITB/BTP/ntt_accel/src/main/scala/AddressGenerator.scala. Using presentation compiler with project's scala-library version: 2.12.19
2024.11.07 10:08:40 INFO  no build target found for /Users/atharvakulkarni/Desktop/IITB/BTP/ntt_accel/src/main/scala/AddressGenerator.scala. Using presentation compiler with project's scala-library version: 2.12.19
2024.11.07 10:08:41 INFO  no build target found for /Users/atharvakulkarni/Desktop/IITB/BTP/ntt_accel/src/main/scala/AddressGenerator.scala. Using presentation compiler with project's scala-library version: 2.12.19
2024.11.07 10:08:41 INFO  no build target found for /Users/atharvakulkarni/Desktop/IITB/BTP/ntt_accel/src/main/scala/AddressGenerator.scala. Using presentation compiler with project's scala-library version: 2.12.19
2024.11.07 10:08:41 INFO  no build target found for /Users/atharvakulkarni/Desktop/IITB/BTP/ntt_accel/src/main/scala/AddressGenerator.scala. Using presentation compiler with project's scala-library version: 2.12.19
2024.11.07 10:09:01 INFO  no build target found for /Users/atharvakulkarni/Desktop/IITB/BTP/ntt_accel/src/main/scala/AddressGenerator.scala. Using presentation compiler with project's scala-library version: 2.12.19
2024.11.07 10:09:01 INFO  no build target found for /Users/atharvakulkarni/Desktop/IITB/BTP/ntt_accel/src/main/scala/AddressGenerator.scala. Using presentation compiler with project's scala-library version: 2.12.19
2024.11.07 10:09:03 INFO  no build target found for /Users/atharvakulkarni/Desktop/IITB/BTP/ntt_accel/src/main/scala/AddressGenerator.scala. Using presentation compiler with project's scala-library version: 2.12.19
2024.11.07 10:27:02 INFO  no build target found for /Users/atharvakulkarni/Desktop/IITB/BTP/ntt_accel/src/main/scala/AddressGenerator.scala. Using presentation compiler with project's scala-library version: 2.12.19
2024.11.07 10:27:04 INFO  no build target found for /Users/atharvakulkarni/Desktop/IITB/BTP/ntt_accel/src/main/scala/AddressGenerator.scala. Using presentation compiler with project's scala-library version: 2.12.19
2024.11.07 10:27:04 INFO  no build target found for /Users/atharvakulkarni/Desktop/IITB/BTP/ntt_accel/src/main/scala/AddressGenerator.scala. Using presentation compiler with project's scala-library version: 2.12.19
2024.11.07 10:27:17 INFO  no build target found for /Users/atharvakulkarni/Desktop/IITB/BTP/ntt_accel/src/main/scala/AddressGenerator.scala. Using presentation compiler with project's scala-library version: 2.12.19
2024.11.07 10:27:34 INFO  no build target found for /Users/atharvakulkarni/Desktop/IITB/BTP/ntt_accel/src/main/scala/AddressGenerator.scala. Using presentation compiler with project's scala-library version: 2.12.19
2024.11.07 10:27:34 INFO  no build target found for /Users/atharvakulkarni/Desktop/IITB/BTP/ntt_accel/src/main/scala/AddressGenerator.scala. Using presentation compiler with project's scala-library version: 2.12.19
2024.11.07 10:27:35 INFO  no build target found for /Users/atharvakulkarni/Desktop/IITB/BTP/ntt_accel/src/main/scala/AddressGenerator.scala. Using presentation compiler with project's scala-library version: 2.12.19
2024.11.07 10:27:37 INFO  no build target found for /Users/atharvakulkarni/Desktop/IITB/BTP/ntt_accel/src/main/scala/AddressGenerator.scala. Using presentation compiler with project's scala-library version: 2.12.19
2024.11.07 10:27:47 WARN  no build target for: /Users/atharvakulkarni/Desktop/IITB/BTP/ntt_accel/src/main/scala/AddressGenerator.scala
2024.11.07 10:27:47 INFO  no build target found for /Users/atharvakulkarni/Desktop/IITB/BTP/ntt_accel/src/main/scala/AddressGenerator.scala. Using presentation compiler with project's scala-library version: 2.12.19
2024.11.07 10:27:55 INFO  no build target found for /Users/atharvakulkarni/Desktop/IITB/BTP/ntt_accel/src/main/scala/AddressGenerator.scala. Using presentation compiler with project's scala-library version: 2.12.19
2024.11.07 10:27:55 INFO  no build target found for /Users/atharvakulkarni/Desktop/IITB/BTP/ntt_accel/src/main/scala/AddressGenerator.scala. Using presentation compiler with project's scala-library version: 2.12.19
2024.11.07 10:28:08 INFO  no build target found for /Users/atharvakulkarni/Desktop/IITB/BTP/ntt_accel/src/main/scala/AddressGenerator.scala. Using presentation compiler with project's scala-library version: 2.12.19
2024.11.07 10:28:08 INFO  no build target found for /Users/atharvakulkarni/Desktop/IITB/BTP/ntt_accel/src/main/scala/AddressGenerator.scala. Using presentation compiler with project's scala-library version: 2.12.19
2024.11.07 10:28:08 INFO  no build target found for /Users/atharvakulkarni/Desktop/IITB/BTP/ntt_accel/src/main/scala/AddressGenerator.scala. Using presentation compiler with project's scala-library version: 2.12.19
2024.11.07 10:28:30 INFO  no build target found for /Users/atharvakulkarni/Desktop/IITB/BTP/ntt_accel/src/main/scala/AddressGenerator.scala. Using presentation compiler with project's scala-library version: 2.12.19
2024.11.07 10:28:48 INFO  no build target found for /Users/atharvakulkarni/Desktop/IITB/BTP/ntt_accel/src/main/scala/AddressGenerator.scala. Using presentation compiler with project's scala-library version: 2.12.19
2024.11.07 10:29:00 INFO  no build target found for /Users/atharvakulkarni/Desktop/IITB/BTP/ntt_accel/src/main/scala/AddressGenerator.scala. Using presentation compiler with project's scala-library version: 2.12.19
2024.11.07 10:29:00 INFO  no build target found for /Users/atharvakulkarni/Desktop/IITB/BTP/ntt_accel/src/main/scala/AddressGenerator.scala. Using presentation compiler with project's scala-library version: 2.12.19
2024.11.07 10:29:05 INFO  no build target found for /Users/atharvakulkarni/Desktop/IITB/BTP/ntt_accel/src/main/scala/AddressGenerator.scala. Using presentation compiler with project's scala-library version: 2.12.19
2024.11.07 10:29:05 INFO  no build target found for /Users/atharvakulkarni/Desktop/IITB/BTP/ntt_accel/src/main/scala/AddressGenerator.scala. Using presentation compiler with project's scala-library version: 2.12.19
2024.11.07 10:29:05 INFO  no build target found for /Users/atharvakulkarni/Desktop/IITB/BTP/ntt_accel/src/main/scala/AddressGenerator.scala. Using presentation compiler with project's scala-library version: 2.12.19
2024.11.07 10:29:13 INFO  no build target found for /Users/atharvakulkarni/Desktop/IITB/BTP/ntt_accel/src/main/scala/AddressGenerator.scala. Using presentation compiler with project's scala-library version: 2.12.19
2024.11.07 10:29:13 INFO  no build target found for /Users/atharvakulkarni/Desktop/IITB/BTP/ntt_accel/src/main/scala/AddressGenerator.scala. Using presentation compiler with project's scala-library version: 2.12.19
2024.11.07 10:29:15 INFO  no build target found for /Users/atharvakulkarni/Desktop/IITB/BTP/ntt_accel/src/main/scala/AddressGenerator.scala. Using presentation compiler with project's scala-library version: 2.12.19
2024.11.07 10:29:15 INFO  no build target found for /Users/atharvakulkarni/Desktop/IITB/BTP/ntt_accel/src/main/scala/AddressGenerator.scala. Using presentation compiler with project's scala-library version: 2.12.19
2024.11.07 10:29:17 INFO  no build target found for /Users/atharvakulkarni/Desktop/IITB/BTP/ntt_accel/src/main/scala/AddressGenerator.scala. Using presentation compiler with project's scala-library version: 2.12.19
2024.11.07 10:29:20 INFO  no build target found for /Users/atharvakulkarni/Desktop/IITB/BTP/ntt_accel/src/main/scala/AddressGenerator.scala. Using presentation compiler with project's scala-library version: 2.12.19
2024.11.07 10:29:20 INFO  no build target found for /Users/atharvakulkarni/Desktop/IITB/BTP/ntt_accel/src/main/scala/AddressGenerator.scala. Using presentation compiler with project's scala-library version: 2.12.19
2024.11.07 10:29:21 INFO  no build target found for /Users/atharvakulkarni/Desktop/IITB/BTP/ntt_accel/src/main/scala/AddressGenerator.scala. Using presentation compiler with project's scala-library version: 2.12.19
2024.11.07 10:29:21 INFO  no build target found for /Users/atharvakulkarni/Desktop/IITB/BTP/ntt_accel/src/main/scala/AddressGenerator.scala. Using presentation compiler with project's scala-library version: 2.12.19
2024.11.07 10:29:22 INFO  no build target found for /Users/atharvakulkarni/Desktop/IITB/BTP/ntt_accel/src/main/scala/AddressGenerator.scala. Using presentation compiler with project's scala-library version: 2.12.19
2024.11.07 10:29:21 INFO  no build target found for /Users/atharvakulkarni/Desktop/IITB/BTP/ntt_accel/src/main/scala/AddressGenerator.scala. Using presentation compiler with project's scala-library version: 2.12.19
2024.11.07 10:29:21 INFO  no build target found for /Users/atharvakulkarni/Desktop/IITB/BTP/ntt_accel/src/main/scala/AddressGenerator.scala. Using presentation compiler with project's scala-library version: 2.12.19
2024.11.07 10:29:22 INFO  no build target found for /Users/atharvakulkarni/Desktop/IITB/BTP/ntt_accel/src/main/scala/AddressGenerator.scala. Using presentation compiler with project's scala-library version: 2.12.19
2024.11.07 10:29:21 INFO  no build target found for /Users/atharvakulkarni/Desktop/IITB/BTP/ntt_accel/src/main/scala/AddressGenerator.scala. Using presentation compiler with project's scala-library version: 2.12.19
2024.11.07 10:29:21 INFO  no build target found for /Users/atharvakulkarni/Desktop/IITB/BTP/ntt_accel/src/main/scala/AddressGenerator.scala. Using presentation compiler with project's scala-library version: 2.12.19
2024.11.07 10:29:21 INFO  no build target found for /Users/atharvakulkarni/Desktop/IITB/BTP/ntt_accel/src/main/scala/AddressGenerator.scala. Using presentation compiler with project's scala-library version: 2.12.19
2024.11.07 10:29:22 INFO  no build target found for /Users/atharvakulkarni/Desktop/IITB/BTP/ntt_accel/src/main/scala/AddressGenerator.scala. Using presentation compiler with project's scala-library version: 2.12.19
2024.11.07 10:29:23 INFO  no build target found for /Users/atharvakulkarni/Desktop/IITB/BTP/ntt_accel/src/main/scala/AddressGenerator.scala. Using presentation compiler with project's scala-library version: 2.12.19
2024.11.07 10:29:23 INFO  no build target found for /Users/atharvakulkarni/Desktop/IITB/BTP/ntt_accel/src/main/scala/AddressGenerator.scala. Using presentation compiler with project's scala-library version: 2.12.19
2024.11.07 10:29:23 INFO  no build target found for /Users/atharvakulkarni/Desktop/IITB/BTP/ntt_accel/src/main/scala/AddressGenerator.scala. Using presentation compiler with project's scala-library version: 2.12.19
2024.11.07 10:29:23 INFO  no build target found for /Users/atharvakulkarni/Desktop/IITB/BTP/ntt_accel/src/main/scala/AddressGenerator.scala. Using presentation compiler with project's scala-library version: 2.12.19
2024.11.07 10:29:26 INFO  no build target found for /Users/atharvakulkarni/Desktop/IITB/BTP/ntt_accel/src/main/scala/AddressGenerator.scala. Using presentation compiler with project's scala-library version: 2.12.19
2024.11.07 10:29:26 INFO  no build target found for /Users/atharvakulkarni/Desktop/IITB/BTP/ntt_accel/src/main/scala/AddressGenerator.scala. Using presentation compiler with project's scala-library version: 2.12.19
2024.11.07 10:29:26 INFO  no build target found for /Users/atharvakulkarni/Desktop/IITB/BTP/ntt_accel/src/main/scala/AddressGenerator.scala. Using presentation compiler with project's scala-library version: 2.12.19
2024.11.07 10:29:26 INFO  no build target found for /Users/atharvakulkarni/Desktop/IITB/BTP/ntt_accel/src/main/scala/AddressGenerator.scala. Using presentation compiler with project's scala-library version: 2.12.19
2024.11.07 10:29:27 INFO  no build target found for /Users/atharvakulkarni/Desktop/IITB/BTP/ntt_accel/src/main/scala/AddressGenerator.scala. Using presentation compiler with project's scala-library version: 2.12.19
2024.11.07 10:29:26 INFO  no build target found for /Users/atharvakulkarni/Desktop/IITB/BTP/ntt_accel/src/main/scala/AddressGenerator.scala. Using presentation compiler with project's scala-library version: 2.12.19
2024.11.07 10:29:27 INFO  no build target found for /Users/atharvakulkarni/Desktop/IITB/BTP/ntt_accel/src/main/scala/AddressGenerator.scala. Using presentation compiler with project's scala-library version: 2.12.19
2024.11.07 10:29:26 INFO  no build target found for /Users/atharvakulkarni/Desktop/IITB/BTP/ntt_accel/src/main/scala/AddressGenerator.scala. Using presentation compiler with project's scala-library version: 2.12.19
2024.11.07 10:29:26 INFO  no build target found for /Users/atharvakulkarni/Desktop/IITB/BTP/ntt_accel/src/main/scala/AddressGenerator.scala. Using presentation compiler with project's scala-library version: 2.12.19
Nov 07, 2024 10:29:27 AM scala.meta.internal.pc.CompilerAccess retryWithCleanCompiler
INFO: compiler crashed due to an error in the Scala compiler, retrying with new compiler instance.
2024.11.07 10:29:26 INFO  no build target found for /Users/atharvakulkarni/Desktop/IITB/BTP/ntt_accel/src/main/scala/AddressGenerator.scala. Using presentation compiler with project's scala-library version: 2.12.19
2024.11.07 10:29:27 INFO  no build target found for /Users/atharvakulkarni/Desktop/IITB/BTP/ntt_accel/src/main/scala/AddressGenerator.scala. Using presentation compiler with project's scala-library version: 2.12.19
2024.11.07 10:29:27 INFO  no build target found for /Users/atharvakulkarni/Desktop/IITB/BTP/ntt_accel/src/main/scala/AddressGenerator.scala. Using presentation compiler with project's scala-library version: 2.12.19
2024.11.07 10:29:26 INFO  no build target found for /Users/atharvakulkarni/Desktop/IITB/BTP/ntt_accel/src/main/scala/AddressGenerator.scala. Using presentation compiler with project's scala-library version: 2.12.19
2024.11.07 10:29:28 INFO  no build target found for /Users/atharvakulkarni/Desktop/IITB/BTP/ntt_accel/src/main/scala/AddressGenerator.scala. Using presentation compiler with project's scala-library version: 2.12.19
2024.11.07 10:29:28 INFO  no build target found for /Users/atharvakulkarni/Desktop/IITB/BTP/ntt_accel/src/main/scala/AddressGenerator.scala. Using presentation compiler with project's scala-library version: 2.12.19
2024.11.07 10:29:28 INFO  no build target found for /Users/atharvakulkarni/Desktop/IITB/BTP/ntt_accel/src/main/scala/AddressGenerator.scala. Using presentation compiler with project's scala-library version: 2.12.19
2024.11.07 10:29:28 INFO  no build target found for /Users/atharvakulkarni/Desktop/IITB/BTP/ntt_accel/src/main/scala/AddressGenerator.scala. Using presentation compiler with project's scala-library version: 2.12.19
2024.11.07 10:29:29 INFO  no build target found for /Users/atharvakulkarni/Desktop/IITB/BTP/ntt_accel/src/main/scala/AddressGenerator.scala. Using presentation compiler with project's scala-library version: 2.12.19
2024.11.07 10:29:29 INFO  no build target found for /Users/atharvakulkarni/Desktop/IITB/BTP/ntt_accel/src/main/scala/AddressGenerator.scala. Using presentation compiler with project's scala-library version: 2.12.19
2024.11.07 10:29:29 INFO  no build target found for /Users/atharvakulkarni/Desktop/IITB/BTP/ntt_accel/src/main/scala/AddressGenerator.scala. Using presentation compiler with project's scala-library version: 2.12.19
2024.11.07 10:29:31 INFO  no build target found for /Users/atharvakulkarni/Desktop/IITB/BTP/ntt_accel/src/main/scala/AddressGenerator.scala. Using presentation compiler with project's scala-library version: 2.12.19
2024.11.07 10:29:31 INFO  no build target found for /Users/atharvakulkarni/Desktop/IITB/BTP/ntt_accel/src/main/scala/AddressGenerator.scala. Using presentation compiler with project's scala-library version: 2.12.19
2024.11.07 10:29:31 INFO  no build target found for /Users/atharvakulkarni/Desktop/IITB/BTP/ntt_accel/src/main/scala/AddressGenerator.scala. Using presentation compiler with project's scala-library version: 2.12.19
2024.11.07 10:29:31 INFO  no build target found for /Users/atharvakulkarni/Desktop/IITB/BTP/ntt_accel/src/main/scala/AddressGenerator.scala. Using presentation compiler with project's scala-library version: 2.12.19
2024.11.07 10:29:34 INFO  no build target found for /Users/atharvakulkarni/Desktop/IITB/BTP/ntt_accel/src/main/scala/AddressGenerator.scala. Using presentation compiler with project's scala-library version: 2.12.19
2024.11.07 10:29:34 INFO  no build target found for /Users/atharvakulkarni/Desktop/IITB/BTP/ntt_accel/src/main/scala/AddressGenerator.scala. Using presentation compiler with project's scala-library version: 2.12.19
2024.11.07 10:29:36 INFO  no build target found for /Users/atharvakulkarni/Desktop/IITB/BTP/ntt_accel/src/main/scala/AddressGenerator.scala. Using presentation compiler with project's scala-library version: 2.12.19
2024.11.07 10:29:36 ERROR searching for `.` failed
java.lang.RuntimeException: invalid symbol format
.
^
	at scala.sys.package$.error(package.scala:27)
	at scala.meta.internal.semanticdb.Scala$DescriptorParser.fail(Scala.scala:164)
	at scala.meta.internal.semanticdb.Scala$DescriptorParser.readChar(Scala.scala:176)
	at scala.meta.internal.semanticdb.Scala$DescriptorParser.parseValue(Scala.scala:192)
	at scala.meta.internal.semanticdb.Scala$DescriptorParser.parseDescriptor(Scala.scala:211)
	at scala.meta.internal.semanticdb.Scala$DescriptorParser.entryPoint(Scala.scala:232)
	at scala.meta.internal.semanticdb.Scala$DescriptorParser$.apply(Scala.scala:240)
	at scala.meta.internal.semanticdb.Scala$ScalaSymbolOps$.owner$extension(Scala.scala:80)
	at scala.meta.internal.mtags.Symbol.toplevel(Symbol.scala:50)
	at scala.meta.internal.mtags.SymbolIndexBucket.query0(SymbolIndexBucket.scala:200)
	at scala.meta.internal.mtags.SymbolIndexBucket.query(SymbolIndexBucket.scala:177)
	at scala.meta.internal.mtags.OnDemandSymbolIndex.$anonfun$findSymbolDefinition$1(OnDemandSymbolIndex.scala:142)
	at scala.collection.immutable.List.flatMap(List.scala:294)
	at scala.meta.internal.mtags.OnDemandSymbolIndex.findSymbolDefinition(OnDemandSymbolIndex.scala:142)
	at scala.meta.internal.mtags.OnDemandSymbolIndex.definition(OnDemandSymbolIndex.scala:48)
	at scala.meta.internal.metals.FallbackDefinitionProvider.findInIndex$1(FallbackDefinitionProvider.scala:125)
	at scala.meta.internal.metals.FallbackDefinitionProvider.$anonfun$search$15(FallbackDefinitionProvider.scala:132)
	at scala.collection.immutable.List.flatMap(List.scala:294)
	at scala.meta.internal.metals.FallbackDefinitionProvider.$anonfun$search$3(FallbackDefinitionProvider.scala:131)
	at scala.Option.map(Option.scala:242)
	at scala.meta.internal.metals.FallbackDefinitionProvider.$anonfun$search$2(FallbackDefinitionProvider.scala:43)
	at scala.Option.flatMap(Option.scala:283)
	at scala.meta.internal.metals.FallbackDefinitionProvider.$anonfun$search$1(FallbackDefinitionProvider.scala:40)
	at scala.Option.flatMap(Option.scala:283)
	at scala.meta.internal.metals.FallbackDefinitionProvider.search(FallbackDefinitionProvider.scala:39)
	at scala.meta.internal.metals.DefinitionProvider.$anonfun$definition$3(DefinitionProvider.scala:120)
	at scala.Option.orElse(Option.scala:477)
	at scala.meta.internal.metals.DefinitionProvider.$anonfun$definition$2(DefinitionProvider.scala:120)
	at scala.concurrent.impl.Promise$Transformation.run(Promise.scala:467)
	at java.util.concurrent.ThreadPoolExecutor.runWorker(ThreadPoolExecutor.java:1144)
	at java.util.concurrent.ThreadPoolExecutor$Worker.run(ThreadPoolExecutor.java:642)
	at java.lang.Thread.run(Thread.java:1583)

2024.11.07 10:29:36 ERROR searching for `#` failed
java.lang.RuntimeException: invalid symbol format
#
^
	at scala.sys.package$.error(package.scala:27)
	at scala.meta.internal.semanticdb.Scala$DescriptorParser.fail(Scala.scala:164)
	at scala.meta.internal.semanticdb.Scala$DescriptorParser.readChar(Scala.scala:176)
	at scala.meta.internal.semanticdb.Scala$DescriptorParser.parseValue(Scala.scala:192)
	at scala.meta.internal.semanticdb.Scala$DescriptorParser.parseDescriptor(Scala.scala:214)
	at scala.meta.internal.semanticdb.Scala$DescriptorParser.entryPoint(Scala.scala:232)
	at scala.meta.internal.semanticdb.Scala$DescriptorParser$.apply(Scala.scala:240)
	at scala.meta.internal.semanticdb.Scala$ScalaSymbolOps$.owner$extension(Scala.scala:80)
	at scala.meta.internal.mtags.Symbol.toplevel(Symbol.scala:50)
	at scala.meta.internal.mtags.SymbolIndexBucket.query0(SymbolIndexBucket.scala:200)
	at scala.meta.internal.mtags.SymbolIndexBucket.query(SymbolIndexBucket.scala:177)
	at scala.meta.internal.mtags.OnDemandSymbolIndex.$anonfun$findSymbolDefinition$1(OnDemandSymbolIndex.scala:142)
	at scala.collection.immutable.List.flatMap(List.scala:294)
	at scala.meta.internal.mtags.OnDemandSymbolIndex.findSymbolDefinition(OnDemandSymbolIndex.scala:142)
	at scala.meta.internal.mtags.OnDemandSymbolIndex.definition(OnDemandSymbolIndex.scala:48)
	at scala.meta.internal.metals.FallbackDefinitionProvider.findInIndex$1(FallbackDefinitionProvider.scala:125)
	at scala.meta.internal.metals.FallbackDefinitionProvider.$anonfun$search$15(FallbackDefinitionProvider.scala:132)
	at scala.collection.immutable.List.flatMap(List.scala:294)
	at scala.meta.internal.metals.FallbackDefinitionProvider.$anonfun$search$3(FallbackDefinitionProvider.scala:131)
	at scala.Option.map(Option.scala:242)
	at scala.meta.internal.metals.FallbackDefinitionProvider.$anonfun$search$2(FallbackDefinitionProvider.scala:43)
	at scala.Option.flatMap(Option.scala:283)
	at scala.meta.internal.metals.FallbackDefinitionProvider.$anonfun$search$1(FallbackDefinitionProvider.scala:40)
	at scala.Option.flatMap(Option.scala:283)
	at scala.meta.internal.metals.FallbackDefinitionProvider.search(FallbackDefinitionProvider.scala:39)
	at scala.meta.internal.metals.DefinitionProvider.$anonfun$definition$3(DefinitionProvider.scala:120)
	at scala.Option.orElse(Option.scala:477)
	at scala.meta.internal.metals.DefinitionProvider.$anonfun$definition$2(DefinitionProvider.scala:120)
	at scala.concurrent.impl.Promise$Transformation.run(Promise.scala:467)
	at java.util.concurrent.ThreadPoolExecutor.runWorker(ThreadPoolExecutor.java:1144)
	at java.util.concurrent.ThreadPoolExecutor$Worker.run(ThreadPoolExecutor.java:642)
	at java.lang.Thread.run(Thread.java:1583)

2024.11.07 10:29:36 ERROR searching for `().` failed
java.lang.RuntimeException: invalid symbol format
().
^
	at scala.sys.package$.error(package.scala:27)
	at scala.meta.internal.semanticdb.Scala$DescriptorParser.fail(Scala.scala:164)
	at scala.meta.internal.semanticdb.Scala$DescriptorParser.readChar(Scala.scala:176)
	at scala.meta.internal.semanticdb.Scala$DescriptorParser.parseValue(Scala.scala:192)
	at scala.meta.internal.semanticdb.Scala$DescriptorParser.parseDescriptor(Scala.scala:209)
	at scala.meta.internal.semanticdb.Scala$DescriptorParser.entryPoint(Scala.scala:232)
	at scala.meta.internal.semanticdb.Scala$DescriptorParser$.apply(Scala.scala:240)
	at scala.meta.internal.semanticdb.Scala$ScalaSymbolOps$.owner$extension(Scala.scala:80)
	at scala.meta.internal.mtags.Symbol.toplevel(Symbol.scala:50)
	at scala.meta.internal.mtags.SymbolIndexBucket.query0(SymbolIndexBucket.scala:200)
	at scala.meta.internal.mtags.SymbolIndexBucket.query(SymbolIndexBucket.scala:177)
	at scala.meta.internal.mtags.OnDemandSymbolIndex.$anonfun$findSymbolDefinition$1(OnDemandSymbolIndex.scala:142)
	at scala.collection.immutable.List.flatMap(List.scala:294)
	at scala.meta.internal.mtags.OnDemandSymbolIndex.findSymbolDefinition(OnDemandSymbolIndex.scala:142)
	at scala.meta.internal.mtags.OnDemandSymbolIndex.definition(OnDemandSymbolIndex.scala:48)
	at scala.meta.internal.metals.FallbackDefinitionProvider.findInIndex$1(FallbackDefinitionProvider.scala:125)
	at scala.meta.internal.metals.FallbackDefinitionProvider.$anonfun$search$15(FallbackDefinitionProvider.scala:132)
	at scala.collection.immutable.List.flatMap(List.scala:294)
	at scala.meta.internal.metals.FallbackDefinitionProvider.$anonfun$search$3(FallbackDefinitionProvider.scala:131)
	at scala.Option.map(Option.scala:242)
	at scala.meta.internal.metals.FallbackDefinitionProvider.$anonfun$search$2(FallbackDefinitionProvider.scala:43)
	at scala.Option.flatMap(Option.scala:283)
	at scala.meta.internal.metals.FallbackDefinitionProvider.$anonfun$search$1(FallbackDefinitionProvider.scala:40)
	at scala.Option.flatMap(Option.scala:283)
	at scala.meta.internal.metals.FallbackDefinitionProvider.search(FallbackDefinitionProvider.scala:39)
	at scala.meta.internal.metals.DefinitionProvider.$anonfun$definition$3(DefinitionProvider.scala:120)
	at scala.Option.orElse(Option.scala:477)
	at scala.meta.internal.metals.DefinitionProvider.$anonfun$definition$2(DefinitionProvider.scala:120)
	at scala.concurrent.impl.Promise$Transformation.run(Promise.scala:467)
	at java.util.concurrent.ThreadPoolExecutor.runWorker(ThreadPoolExecutor.java:1144)
	at java.util.concurrent.ThreadPoolExecutor$Worker.run(ThreadPoolExecutor.java:642)
	at java.lang.Thread.run(Thread.java:1583)

2024.11.07 10:29:36 WARN  Could not find 'U' using presentation compiler nor semanticdb. Trying to guess the definition using available information from local class context. 
2024.11.07 10:29:37 WARN  no build target for: /Users/atharvakulkarni/Desktop/IITB/BTP/ntt_accel/src/main/scala/AddressGenerator.scala
2024.11.07 10:29:37 INFO  no build target found for /Users/atharvakulkarni/Desktop/IITB/BTP/ntt_accel/src/main/scala/AddressGenerator.scala. Using presentation compiler with project's scala-library version: 2.12.19
2024.11.07 10:29:42 INFO  no build target found for /Users/atharvakulkarni/Desktop/IITB/BTP/ntt_accel/src/main/scala/AddressGenerator.scala. Using presentation compiler with project's scala-library version: 2.12.19
2024.11.07 10:29:42 INFO  no build target found for /Users/atharvakulkarni/Desktop/IITB/BTP/ntt_accel/src/main/scala/AddressGenerator.scala. Using presentation compiler with project's scala-library version: 2.12.19
2024.11.07 10:29:48 INFO  no build target found for /Users/atharvakulkarni/Desktop/IITB/BTP/ntt_accel/src/main/scala/AddressGenerator.scala. Using presentation compiler with project's scala-library version: 2.12.19
2024.11.07 10:31:28 INFO  no build target found for /Users/atharvakulkarni/Desktop/IITB/BTP/ntt_accel/src/main/scala/AddressGenerator.scala. Using presentation compiler with project's scala-library version: 2.12.19
2024.11.07 10:31:28 INFO  no build target found for /Users/atharvakulkarni/Desktop/IITB/BTP/ntt_accel/src/main/scala/AddressGenerator.scala. Using presentation compiler with project's scala-library version: 2.12.19
2024.11.07 10:31:28 INFO  no build target found for /Users/atharvakulkarni/Desktop/IITB/BTP/ntt_accel/src/main/scala/AddressGenerator.scala. Using presentation compiler with project's scala-library version: 2.12.19
2024.11.07 10:31:32 INFO  no build target found for /Users/atharvakulkarni/Desktop/IITB/BTP/ntt_accel/src/main/scala/AddressGenerator.scala. Using presentation compiler with project's scala-library version: 2.12.19
2024.11.07 10:31:51 INFO  no build target found for /Users/atharvakulkarni/Desktop/IITB/BTP/ntt_accel/src/main/scala/AddressGenerator.scala. Using presentation compiler with project's scala-library version: 2.12.19
2024.11.07 10:31:51 INFO  no build target found for /Users/atharvakulkarni/Desktop/IITB/BTP/ntt_accel/src/main/scala/AddressGenerator.scala. Using presentation compiler with project's scala-library version: 2.12.19
2024.11.07 10:31:52 INFO  no build target found for /Users/atharvakulkarni/Desktop/IITB/BTP/ntt_accel/src/main/scala/AddressGenerator.scala. Using presentation compiler with project's scala-library version: 2.12.19
2024.11.07 10:31:52 INFO  no build target found for /Users/atharvakulkarni/Desktop/IITB/BTP/ntt_accel/src/main/scala/AddressGenerator.scala. Using presentation compiler with project's scala-library version: 2.12.19
2024.11.07 10:31:54 INFO  no build target found for /Users/atharvakulkarni/Desktop/IITB/BTP/ntt_accel/src/main/scala/AddressGenerator.scala. Using presentation compiler with project's scala-library version: 2.12.19
2024.11.07 10:32:33 INFO  no build target found for /Users/atharvakulkarni/Desktop/IITB/BTP/ntt_accel/src/main/scala/AddressGenerator.scala. Using presentation compiler with project's scala-library version: 2.12.19
2024.11.07 10:32:33 INFO  no build target found for /Users/atharvakulkarni/Desktop/IITB/BTP/ntt_accel/src/main/scala/AddressGenerator.scala. Using presentation compiler with project's scala-library version: 2.12.19
2024.11.07 10:32:33 INFO  no build target found for /Users/atharvakulkarni/Desktop/IITB/BTP/ntt_accel/src/main/scala/AddressGenerator.scala. Using presentation compiler with project's scala-library version: 2.12.19
2024.11.07 10:32:33 INFO  no build target found for /Users/atharvakulkarni/Desktop/IITB/BTP/ntt_accel/src/main/scala/AddressGenerator.scala. Using presentation compiler with project's scala-library version: 2.12.19
2024.11.07 10:32:35 INFO  no build target found for /Users/atharvakulkarni/Desktop/IITB/BTP/ntt_accel/src/main/scala/AddressGenerator.scala. Using presentation compiler with project's scala-library version: 2.12.19
2024.11.07 10:32:36 INFO  no build target found for /Users/atharvakulkarni/Desktop/IITB/BTP/ntt_accel/src/main/scala/AddressGenerator.scala. Using presentation compiler with project's scala-library version: 2.12.19
2024.11.07 10:32:36 INFO  no build target found for /Users/atharvakulkarni/Desktop/IITB/BTP/ntt_accel/src/main/scala/AddressGenerator.scala. Using presentation compiler with project's scala-library version: 2.12.19
2024.11.07 10:32:36 INFO  no build target found for /Users/atharvakulkarni/Desktop/IITB/BTP/ntt_accel/src/main/scala/AddressGenerator.scala. Using presentation compiler with project's scala-library version: 2.12.19
2024.11.07 10:32:36 INFO  no build target found for /Users/atharvakulkarni/Desktop/IITB/BTP/ntt_accel/src/main/scala/AddressGenerator.scala. Using presentation compiler with project's scala-library version: 2.12.19
2024.11.07 10:32:36 INFO  no build target found for /Users/atharvakulkarni/Desktop/IITB/BTP/ntt_accel/src/main/scala/AddressGenerator.scala. Using presentation compiler with project's scala-library version: 2.12.19
2024.11.07 10:32:36 INFO  no build target found for /Users/atharvakulkarni/Desktop/IITB/BTP/ntt_accel/src/main/scala/AddressGenerator.scala. Using presentation compiler with project's scala-library version: 2.12.19
2024.11.07 10:32:36 INFO  no build target found for /Users/atharvakulkarni/Desktop/IITB/BTP/ntt_accel/src/main/scala/AddressGenerator.scala. Using presentation compiler with project's scala-library version: 2.12.19
2024.11.07 10:32:36 INFO  no build target found for /Users/atharvakulkarni/Desktop/IITB/BTP/ntt_accel/src/main/scala/AddressGenerator.scala. Using presentation compiler with project's scala-library version: 2.12.19
2024.11.07 10:32:36 INFO  no build target found for /Users/atharvakulkarni/Desktop/IITB/BTP/ntt_accel/src/main/scala/AddressGenerator.scala. Using presentation compiler with project's scala-library version: 2.12.19
2024.11.07 10:32:36 INFO  no build target found for /Users/atharvakulkarni/Desktop/IITB/BTP/ntt_accel/src/main/scala/AddressGenerator.scala. Using presentation compiler with project's scala-library version: 2.12.19
2024.11.07 10:32:36 INFO  no build target found for /Users/atharvakulkarni/Desktop/IITB/BTP/ntt_accel/src/main/scala/AddressGenerator.scala. Using presentation compiler with project's scala-library version: 2.12.19
2024.11.07 10:32:36 INFO  no build target found for /Users/atharvakulkarni/Desktop/IITB/BTP/ntt_accel/src/main/scala/AddressGenerator.scala. Using presentation compiler with project's scala-library version: 2.12.19
2024.11.07 10:32:37 INFO  no build target found for /Users/atharvakulkarni/Desktop/IITB/BTP/ntt_accel/src/main/scala/AddressGenerator.scala. Using presentation compiler with project's scala-library version: 2.12.19
2024.11.07 10:32:37 INFO  no build target found for /Users/atharvakulkarni/Desktop/IITB/BTP/ntt_accel/src/main/scala/AddressGenerator.scala. Using presentation compiler with project's scala-library version: 2.12.19
2024.11.07 10:32:37 INFO  no build target found for /Users/atharvakulkarni/Desktop/IITB/BTP/ntt_accel/src/main/scala/AddressGenerator.scala. Using presentation compiler with project's scala-library version: 2.12.19
2024.11.07 10:32:38 INFO  no build target found for /Users/atharvakulkarni/Desktop/IITB/BTP/ntt_accel/src/main/scala/AddressGenerator.scala. Using presentation compiler with project's scala-library version: 2.12.19
2024.11.07 10:32:38 INFO  no build target found for /Users/atharvakulkarni/Desktop/IITB/BTP/ntt_accel/src/main/scala/AddressGenerator.scala. Using presentation compiler with project's scala-library version: 2.12.19
2024.11.07 10:32:37 INFO  no build target found for /Users/atharvakulkarni/Desktop/IITB/BTP/ntt_accel/src/main/scala/AddressGenerator.scala. Using presentation compiler with project's scala-library version: 2.12.19
2024.11.07 10:32:37 INFO  no build target found for /Users/atharvakulkarni/Desktop/IITB/BTP/ntt_accel/src/main/scala/AddressGenerator.scala. Using presentation compiler with project's scala-library version: 2.12.19
2024.11.07 10:32:38 INFO  no build target found for /Users/atharvakulkarni/Desktop/IITB/BTP/ntt_accel/src/main/scala/AddressGenerator.scala. Using presentation compiler with project's scala-library version: 2.12.19
2024.11.07 10:32:38 INFO  no build target found for /Users/atharvakulkarni/Desktop/IITB/BTP/ntt_accel/src/main/scala/AddressGenerator.scala. Using presentation compiler with project's scala-library version: 2.12.19
2024.11.07 10:32:38 INFO  no build target found for /Users/atharvakulkarni/Desktop/IITB/BTP/ntt_accel/src/main/scala/AddressGenerator.scala. Using presentation compiler with project's scala-library version: 2.12.19
2024.11.07 10:32:38 INFO  no build target found for /Users/atharvakulkarni/Desktop/IITB/BTP/ntt_accel/src/main/scala/AddressGenerator.scala. Using presentation compiler with project's scala-library version: 2.12.19
2024.11.07 10:32:39 INFO  no build target found for /Users/atharvakulkarni/Desktop/IITB/BTP/ntt_accel/src/main/scala/AddressGenerator.scala. Using presentation compiler with project's scala-library version: 2.12.19
2024.11.07 10:32:39 INFO  no build target found for /Users/atharvakulkarni/Desktop/IITB/BTP/ntt_accel/src/main/scala/AddressGenerator.scala. Using presentation compiler with project's scala-library version: 2.12.19
2024.11.07 10:32:38 INFO  no build target found for /Users/atharvakulkarni/Desktop/IITB/BTP/ntt_accel/src/main/scala/AddressGenerator.scala. Using presentation compiler with project's scala-library version: 2.12.19
2024.11.07 10:32:38 INFO  no build target found for /Users/atharvakulkarni/Desktop/IITB/BTP/ntt_accel/src/main/scala/AddressGenerator.scala. Using presentation compiler with project's scala-library version: 2.12.19
2024.11.07 10:32:39 INFO  no build target found for /Users/atharvakulkarni/Desktop/IITB/BTP/ntt_accel/src/main/scala/AddressGenerator.scala. Using presentation compiler with project's scala-library version: 2.12.19
Nov 07, 2024 10:32:39 AM org.eclipse.lsp4j.jsonrpc.RemoteEndpoint handleCancellation
WARNING: Unmatched cancel notification for request id 2400
2024.11.07 10:32:39 INFO  no build target found for /Users/atharvakulkarni/Desktop/IITB/BTP/ntt_accel/src/main/scala/AddressGenerator.scala. Using presentation compiler with project's scala-library version: 2.12.19
2024.11.07 10:32:39 INFO  no build target found for /Users/atharvakulkarni/Desktop/IITB/BTP/ntt_accel/src/main/scala/AddressGenerator.scala. Using presentation compiler with project's scala-library version: 2.12.19
2024.11.07 10:32:40 INFO  no build target found for /Users/atharvakulkarni/Desktop/IITB/BTP/ntt_accel/src/main/scala/AddressGenerator.scala. Using presentation compiler with project's scala-library version: 2.12.19
2024.11.07 10:32:39 INFO  no build target found for /Users/atharvakulkarni/Desktop/IITB/BTP/ntt_accel/src/main/scala/AddressGenerator.scala. Using presentation compiler with project's scala-library version: 2.12.19
2024.11.07 10:32:39 INFO  no build target found for /Users/atharvakulkarni/Desktop/IITB/BTP/ntt_accel/src/main/scala/AddressGenerator.scala. Using presentation compiler with project's scala-library version: 2.12.19
2024.11.07 10:32:40 INFO  no build target found for /Users/atharvakulkarni/Desktop/IITB/BTP/ntt_accel/src/main/scala/AddressGenerator.scala. Using presentation compiler with project's scala-library version: 2.12.19
2024.11.07 10:32:40 INFO  no build target found for /Users/atharvakulkarni/Desktop/IITB/BTP/ntt_accel/src/main/scala/AddressGenerator.scala. Using presentation compiler with project's scala-library version: 2.12.19
2024.11.07 10:32:44 INFO  no build target found for /Users/atharvakulkarni/Desktop/IITB/BTP/ntt_accel/src/main/scala/AddressGenerator.scala. Using presentation compiler with project's scala-library version: 2.12.19
2024.11.07 10:32:44 INFO  no build target found for /Users/atharvakulkarni/Desktop/IITB/BTP/ntt_accel/src/main/scala/AddressGenerator.scala. Using presentation compiler with project's scala-library version: 2.12.19
2024.11.07 10:32:44 INFO  no build target found for /Users/atharvakulkarni/Desktop/IITB/BTP/ntt_accel/src/main/scala/AddressGenerator.scala. Using presentation compiler with project's scala-library version: 2.12.19
2024.11.07 10:32:44 INFO  no build target found for /Users/atharvakulkarni/Desktop/IITB/BTP/ntt_accel/src/main/scala/AddressGenerator.scala. Using presentation compiler with project's scala-library version: 2.12.19
2024.11.07 10:32:45 INFO  no build target found for /Users/atharvakulkarni/Desktop/IITB/BTP/ntt_accel/src/main/scala/AddressGenerator.scala. Using presentation compiler with project's scala-library version: 2.12.19
2024.11.07 10:32:52 INFO  no build target found for /Users/atharvakulkarni/Desktop/IITB/BTP/ntt_accel/src/main/scala/AddressGenerator.scala. Using presentation compiler with project's scala-library version: 2.12.19
2024.11.07 10:32:54 INFO  no build target found for /Users/atharvakulkarni/Desktop/IITB/BTP/ntt_accel/src/main/scala/AddressGenerator.scala. Using presentation compiler with project's scala-library version: 2.12.19
2024.11.07 10:32:54 INFO  no build target found for /Users/atharvakulkarni/Desktop/IITB/BTP/ntt_accel/src/main/scala/AddressGenerator.scala. Using presentation compiler with project's scala-library version: 2.12.19
2024.11.07 10:32:54 INFO  no build target found for /Users/atharvakulkarni/Desktop/IITB/BTP/ntt_accel/src/main/scala/AddressGenerator.scala. Using presentation compiler with project's scala-library version: 2.12.19
2024.11.07 10:32:54 INFO  no build target found for /Users/atharvakulkarni/Desktop/IITB/BTP/ntt_accel/src/main/scala/AddressGenerator.scala. Using presentation compiler with project's scala-library version: 2.12.19
2024.11.07 10:32:54 INFO  no build target found for /Users/atharvakulkarni/Desktop/IITB/BTP/ntt_accel/src/main/scala/AddressGenerator.scala. Using presentation compiler with project's scala-library version: 2.12.19
2024.11.07 10:32:55 INFO  no build target found for /Users/atharvakulkarni/Desktop/IITB/BTP/ntt_accel/src/main/scala/AddressGenerator.scala. Using presentation compiler with project's scala-library version: 2.12.19
2024.11.07 10:32:55 INFO  no build target found for /Users/atharvakulkarni/Desktop/IITB/BTP/ntt_accel/src/main/scala/AddressGenerator.scala. Using presentation compiler with project's scala-library version: 2.12.19
2024.11.07 10:32:55 INFO  no build target found for /Users/atharvakulkarni/Desktop/IITB/BTP/ntt_accel/src/main/scala/AddressGenerator.scala. Using presentation compiler with project's scala-library version: 2.12.19
2024.11.07 10:32:55 INFO  no build target found for /Users/atharvakulkarni/Desktop/IITB/BTP/ntt_accel/src/main/scala/AddressGenerator.scala. Using presentation compiler with project's scala-library version: 2.12.19
2024.11.07 10:32:55 INFO  no build target found for /Users/atharvakulkarni/Desktop/IITB/BTP/ntt_accel/src/main/scala/AddressGenerator.scala. Using presentation compiler with project's scala-library version: 2.12.19
2024.11.07 10:32:55 INFO  no build target found for /Users/atharvakulkarni/Desktop/IITB/BTP/ntt_accel/src/main/scala/AddressGenerator.scala. Using presentation compiler with project's scala-library version: 2.12.19
2024.11.07 10:32:55 INFO  no build target found for /Users/atharvakulkarni/Desktop/IITB/BTP/ntt_accel/src/main/scala/AddressGenerator.scala. Using presentation compiler with project's scala-library version: 2.12.19
2024.11.07 10:32:55 INFO  no build target found for /Users/atharvakulkarni/Desktop/IITB/BTP/ntt_accel/src/main/scala/AddressGenerator.scala. Using presentation compiler with project's scala-library version: 2.12.19
2024.11.07 10:32:55 INFO  no build target found for /Users/atharvakulkarni/Desktop/IITB/BTP/ntt_accel/src/main/scala/AddressGenerator.scala. Using presentation compiler with project's scala-library version: 2.12.19
2024.11.07 10:32:56 INFO  no build target found for /Users/atharvakulkarni/Desktop/IITB/BTP/ntt_accel/src/main/scala/AddressGenerator.scala. Using presentation compiler with project's scala-library version: 2.12.19
2024.11.07 10:32:55 INFO  no build target found for /Users/atharvakulkarni/Desktop/IITB/BTP/ntt_accel/src/main/scala/AddressGenerator.scala. Using presentation compiler with project's scala-library version: 2.12.19
2024.11.07 10:32:56 INFO  no build target found for /Users/atharvakulkarni/Desktop/IITB/BTP/ntt_accel/src/main/scala/AddressGenerator.scala. Using presentation compiler with project's scala-library version: 2.12.19
2024.11.07 10:32:56 INFO  no build target found for /Users/atharvakulkarni/Desktop/IITB/BTP/ntt_accel/src/main/scala/AddressGenerator.scala. Using presentation compiler with project's scala-library version: 2.12.19
2024.11.07 10:32:56 INFO  no build target found for /Users/atharvakulkarni/Desktop/IITB/BTP/ntt_accel/src/main/scala/AddressGenerator.scala. Using presentation compiler with project's scala-library version: 2.12.19
2024.11.07 10:32:56 INFO  no build target found for /Users/atharvakulkarni/Desktop/IITB/BTP/ntt_accel/src/main/scala/AddressGenerator.scala. Using presentation compiler with project's scala-library version: 2.12.19
2024.11.07 10:32:57 INFO  no build target found for /Users/atharvakulkarni/Desktop/IITB/BTP/ntt_accel/src/main/scala/AddressGenerator.scala. Using presentation compiler with project's scala-library version: 2.12.19
2024.11.07 10:32:56 INFO  no build target found for /Users/atharvakulkarni/Desktop/IITB/BTP/ntt_accel/src/main/scala/AddressGenerator.scala. Using presentation compiler with project's scala-library version: 2.12.19
2024.11.07 10:32:58 INFO  no build target found for /Users/atharvakulkarni/Desktop/IITB/BTP/ntt_accel/src/main/scala/AddressGenerator.scala. Using presentation compiler with project's scala-library version: 2.12.19
2024.11.07 10:32:59 INFO  no build target found for /Users/atharvakulkarni/Desktop/IITB/BTP/ntt_accel/src/main/scala/AddressGenerator.scala. Using presentation compiler with project's scala-library version: 2.12.19
2024.11.07 10:32:59 INFO  no build target found for /Users/atharvakulkarni/Desktop/IITB/BTP/ntt_accel/src/main/scala/AddressGenerator.scala. Using presentation compiler with project's scala-library version: 2.12.19
2024.11.07 10:32:59 INFO  no build target found for /Users/atharvakulkarni/Desktop/IITB/BTP/ntt_accel/src/main/scala/AddressGenerator.scala. Using presentation compiler with project's scala-library version: 2.12.19
2024.11.07 10:33:00 INFO  no build target found for /Users/atharvakulkarni/Desktop/IITB/BTP/ntt_accel/src/main/scala/AddressGenerator.scala. Using presentation compiler with project's scala-library version: 2.12.19
2024.11.07 10:32:59 INFO  no build target found for /Users/atharvakulkarni/Desktop/IITB/BTP/ntt_accel/src/main/scala/AddressGenerator.scala. Using presentation compiler with project's scala-library version: 2.12.19
2024.11.07 10:33:00 INFO  no build target found for /Users/atharvakulkarni/Desktop/IITB/BTP/ntt_accel/src/main/scala/AddressGenerator.scala. Using presentation compiler with project's scala-library version: 2.12.19
2024.11.07 10:33:01 INFO  no build target found for /Users/atharvakulkarni/Desktop/IITB/BTP/ntt_accel/src/main/scala/AddressGenerator.scala. Using presentation compiler with project's scala-library version: 2.12.19
2024.11.07 10:33:02 INFO  no build target found for /Users/atharvakulkarni/Desktop/IITB/BTP/ntt_accel/src/main/scala/AddressGenerator.scala. Using presentation compiler with project's scala-library version: 2.12.19
2024.11.07 10:33:01 INFO  no build target found for /Users/atharvakulkarni/Desktop/IITB/BTP/ntt_accel/src/main/scala/AddressGenerator.scala. Using presentation compiler with project's scala-library version: 2.12.19
2024.11.07 10:33:02 INFO  no build target found for /Users/atharvakulkarni/Desktop/IITB/BTP/ntt_accel/src/main/scala/AddressGenerator.scala. Using presentation compiler with project's scala-library version: 2.12.19
2024.11.07 10:33:06 WARN  no build target for: /Users/atharvakulkarni/Desktop/IITB/BTP/ntt_accel/src/main/scala/AddressGenerator.scala
2024.11.07 10:33:06 INFO  no build target found for /Users/atharvakulkarni/Desktop/IITB/BTP/ntt_accel/src/main/scala/AddressGenerator.scala. Using presentation compiler with project's scala-library version: 2.12.19
2024.11.07 10:33:08 INFO  no build target found for /Users/atharvakulkarni/Desktop/IITB/BTP/ntt_accel/src/main/scala/AddressGenerator.scala. Using presentation compiler with project's scala-library version: 2.12.19
2024.11.07 10:33:13 INFO  no build target found for /Users/atharvakulkarni/Desktop/IITB/BTP/ntt_accel/src/main/scala/AddressGenerator.scala. Using presentation compiler with project's scala-library version: 2.12.19
2024.11.07 10:33:19 INFO  no build target found for /Users/atharvakulkarni/Desktop/IITB/BTP/ntt_accel/src/main/scala/AddressGenerator.scala. Using presentation compiler with project's scala-library version: 2.12.19
2024.11.07 10:33:19 INFO  no build target found for /Users/atharvakulkarni/Desktop/IITB/BTP/ntt_accel/src/main/scala/AddressGenerator.scala. Using presentation compiler with project's scala-library version: 2.12.19
2024.11.07 10:33:19 INFO  no build target found for /Users/atharvakulkarni/Desktop/IITB/BTP/ntt_accel/src/main/scala/AddressGenerator.scala. Using presentation compiler with project's scala-library version: 2.12.19
2024.11.07 10:33:19 INFO  no build target found for /Users/atharvakulkarni/Desktop/IITB/BTP/ntt_accel/src/main/scala/AddressGenerator.scala. Using presentation compiler with project's scala-library version: 2.12.19
2024.11.07 10:33:20 INFO  no build target found for /Users/atharvakulkarni/Desktop/IITB/BTP/ntt_accel/src/main/scala/AddressGenerator.scala. Using presentation compiler with project's scala-library version: 2.12.19
2024.11.07 10:33:21 INFO  no build target found for /Users/atharvakulkarni/Desktop/IITB/BTP/ntt_accel/src/main/scala/AddressGenerator.scala. Using presentation compiler with project's scala-library version: 2.12.19
2024.11.07 10:33:21 INFO  no build target found for /Users/atharvakulkarni/Desktop/IITB/BTP/ntt_accel/src/main/scala/AddressGenerator.scala. Using presentation compiler with project's scala-library version: 2.12.19
2024.11.07 10:33:20 INFO  no build target found for /Users/atharvakulkarni/Desktop/IITB/BTP/ntt_accel/src/main/scala/AddressGenerator.scala. Using presentation compiler with project's scala-library version: 2.12.19
2024.11.07 10:33:22 INFO  no build target found for /Users/atharvakulkarni/Desktop/IITB/BTP/ntt_accel/src/main/scala/AddressGenerator.scala. Using presentation compiler with project's scala-library version: 2.12.19
2024.11.07 10:33:21 INFO  no build target found for /Users/atharvakulkarni/Desktop/IITB/BTP/ntt_accel/src/main/scala/AddressGenerator.scala. Using presentation compiler with project's scala-library version: 2.12.19
2024.11.07 10:33:25 INFO  no build target found for /Users/atharvakulkarni/Desktop/IITB/BTP/ntt_accel/src/main/scala/AddressGenerator.scala. Using presentation compiler with project's scala-library version: 2.12.19
2024.11.07 10:33:25 INFO  no build target found for /Users/atharvakulkarni/Desktop/IITB/BTP/ntt_accel/src/main/scala/AddressGenerator.scala. Using presentation compiler with project's scala-library version: 2.12.19
2024.11.07 10:33:25 INFO  no build target found for /Users/atharvakulkarni/Desktop/IITB/BTP/ntt_accel/src/main/scala/AddressGenerator.scala. Using presentation compiler with project's scala-library version: 2.12.19
2024.11.07 10:33:25 INFO  no build target found for /Users/atharvakulkarni/Desktop/IITB/BTP/ntt_accel/src/main/scala/AddressGenerator.scala. Using presentation compiler with project's scala-library version: 2.12.19
2024.11.07 10:33:25 INFO  no build target found for /Users/atharvakulkarni/Desktop/IITB/BTP/ntt_accel/src/main/scala/AddressGenerator.scala. Using presentation compiler with project's scala-library version: 2.12.19
2024.11.07 10:33:25 INFO  no build target found for /Users/atharvakulkarni/Desktop/IITB/BTP/ntt_accel/src/main/scala/AddressGenerator.scala. Using presentation compiler with project's scala-library version: 2.12.19
2024.11.07 10:33:25 INFO  no build target found for /Users/atharvakulkarni/Desktop/IITB/BTP/ntt_accel/src/main/scala/AddressGenerator.scala. Using presentation compiler with project's scala-library version: 2.12.19
2024.11.07 10:33:25 INFO  no build target found for /Users/atharvakulkarni/Desktop/IITB/BTP/ntt_accel/src/main/scala/AddressGenerator.scala. Using presentation compiler with project's scala-library version: 2.12.19
2024.11.07 10:33:26 INFO  no build target found for /Users/atharvakulkarni/Desktop/IITB/BTP/ntt_accel/src/main/scala/AddressGenerator.scala. Using presentation compiler with project's scala-library version: 2.12.19
Nov 07, 2024 10:33:26 AM scala.meta.internal.pc.CompilerAccess retryWithCleanCompiler
INFO: compiler crashed due to an error in the Scala compiler, retrying with new compiler instance.
2024.11.07 10:33:25 INFO  no build target found for /Users/atharvakulkarni/Desktop/IITB/BTP/ntt_accel/src/main/scala/AddressGenerator.scala. Using presentation compiler with project's scala-library version: 2.12.19
2024.11.07 10:33:25 INFO  no build target found for /Users/atharvakulkarni/Desktop/IITB/BTP/ntt_accel/src/main/scala/AddressGenerator.scala. Using presentation compiler with project's scala-library version: 2.12.19
2024.11.07 10:33:26 INFO  no build target found for /Users/atharvakulkarni/Desktop/IITB/BTP/ntt_accel/src/main/scala/AddressGenerator.scala. Using presentation compiler with project's scala-library version: 2.12.19
2024.11.07 10:33:26 INFO  no build target found for /Users/atharvakulkarni/Desktop/IITB/BTP/ntt_accel/src/main/scala/AddressGenerator.scala. Using presentation compiler with project's scala-library version: 2.12.19
2024.11.07 10:33:27 INFO  no build target found for /Users/atharvakulkarni/Desktop/IITB/BTP/ntt_accel/src/main/scala/AddressGenerator.scala. Using presentation compiler with project's scala-library version: 2.12.19
2024.11.07 10:33:27 INFO  no build target found for /Users/atharvakulkarni/Desktop/IITB/BTP/ntt_accel/src/main/scala/AddressGenerator.scala. Using presentation compiler with project's scala-library version: 2.12.19
2024.11.07 10:33:27 INFO  no build target found for /Users/atharvakulkarni/Desktop/IITB/BTP/ntt_accel/src/main/scala/AddressGenerator.scala. Using presentation compiler with project's scala-library version: 2.12.19
2024.11.07 10:33:27 INFO  no build target found for /Users/atharvakulkarni/Desktop/IITB/BTP/ntt_accel/src/main/scala/AddressGenerator.scala. Using presentation compiler with project's scala-library version: 2.12.19
2024.11.07 10:33:29 INFO  no build target found for /Users/atharvakulkarni/Desktop/IITB/BTP/ntt_accel/src/main/scala/AddressGenerator.scala. Using presentation compiler with project's scala-library version: 2.12.19
2024.11.07 10:33:29 INFO  no build target found for /Users/atharvakulkarni/Desktop/IITB/BTP/ntt_accel/src/main/scala/AddressGenerator.scala. Using presentation compiler with project's scala-library version: 2.12.19
2024.11.07 10:33:29 INFO  no build target found for /Users/atharvakulkarni/Desktop/IITB/BTP/ntt_accel/src/main/scala/AddressGenerator.scala. Using presentation compiler with project's scala-library version: 2.12.19
2024.11.07 10:33:29 INFO  no build target found for /Users/atharvakulkarni/Desktop/IITB/BTP/ntt_accel/src/main/scala/AddressGenerator.scala. Using presentation compiler with project's scala-library version: 2.12.19
2024.11.07 10:33:29 INFO  no build target found for /Users/atharvakulkarni/Desktop/IITB/BTP/ntt_accel/src/main/scala/AddressGenerator.scala. Using presentation compiler with project's scala-library version: 2.12.19
2024.11.07 10:33:29 INFO  no build target found for /Users/atharvakulkarni/Desktop/IITB/BTP/ntt_accel/src/main/scala/AddressGenerator.scala. Using presentation compiler with project's scala-library version: 2.12.19
2024.11.07 10:33:29 INFO  no build target found for /Users/atharvakulkarni/Desktop/IITB/BTP/ntt_accel/src/main/scala/AddressGenerator.scala. Using presentation compiler with project's scala-library version: 2.12.19
2024.11.07 10:33:30 INFO  no build target found for /Users/atharvakulkarni/Desktop/IITB/BTP/ntt_accel/src/main/scala/AddressGenerator.scala. Using presentation compiler with project's scala-library version: 2.12.19
2024.11.07 10:33:30 INFO  no build target found for /Users/atharvakulkarni/Desktop/IITB/BTP/ntt_accel/src/main/scala/AddressGenerator.scala. Using presentation compiler with project's scala-library version: 2.12.19
2024.11.07 10:33:30 INFO  no build target found for /Users/atharvakulkarni/Desktop/IITB/BTP/ntt_accel/src/main/scala/AddressGenerator.scala. Using presentation compiler with project's scala-library version: 2.12.19
2024.11.07 10:33:30 INFO  no build target found for /Users/atharvakulkarni/Desktop/IITB/BTP/ntt_accel/src/main/scala/AddressGenerator.scala. Using presentation compiler with project's scala-library version: 2.12.19
2024.11.07 10:33:32 INFO  no build target found for /Users/atharvakulkarni/Desktop/IITB/BTP/ntt_accel/src/main/scala/AddressGenerator.scala. Using presentation compiler with project's scala-library version: 2.12.19
2024.11.07 10:33:32 INFO  no build target found for /Users/atharvakulkarni/Desktop/IITB/BTP/ntt_accel/src/main/scala/AddressGenerator.scala. Using presentation compiler with project's scala-library version: 2.12.19
2024.11.07 10:33:32 INFO  no build target found for /Users/atharvakulkarni/Desktop/IITB/BTP/ntt_accel/src/main/scala/AddressGenerator.scala. Using presentation compiler with project's scala-library version: 2.12.19
2024.11.07 10:33:32 INFO  no build target found for /Users/atharvakulkarni/Desktop/IITB/BTP/ntt_accel/src/main/scala/AddressGenerator.scala. Using presentation compiler with project's scala-library version: 2.12.19
2024.11.07 10:33:32 INFO  no build target found for /Users/atharvakulkarni/Desktop/IITB/BTP/ntt_accel/src/main/scala/AddressGenerator.scala. Using presentation compiler with project's scala-library version: 2.12.19
2024.11.07 10:33:32 INFO  no build target found for /Users/atharvakulkarni/Desktop/IITB/BTP/ntt_accel/src/main/scala/AddressGenerator.scala. Using presentation compiler with project's scala-library version: 2.12.19
2024.11.07 10:33:32 INFO  no build target found for /Users/atharvakulkarni/Desktop/IITB/BTP/ntt_accel/src/main/scala/AddressGenerator.scala. Using presentation compiler with project's scala-library version: 2.12.19
2024.11.07 10:33:32 INFO  no build target found for /Users/atharvakulkarni/Desktop/IITB/BTP/ntt_accel/src/main/scala/AddressGenerator.scala. Using presentation compiler with project's scala-library version: 2.12.19
2024.11.07 10:33:32 INFO  no build target found for /Users/atharvakulkarni/Desktop/IITB/BTP/ntt_accel/src/main/scala/AddressGenerator.scala. Using presentation compiler with project's scala-library version: 2.12.19
2024.11.07 10:33:32 INFO  no build target found for /Users/atharvakulkarni/Desktop/IITB/BTP/ntt_accel/src/main/scala/AddressGenerator.scala. Using presentation compiler with project's scala-library version: 2.12.19
2024.11.07 10:33:32 INFO  no build target found for /Users/atharvakulkarni/Desktop/IITB/BTP/ntt_accel/src/main/scala/AddressGenerator.scala. Using presentation compiler with project's scala-library version: 2.12.19
2024.11.07 10:33:33 INFO  no build target found for /Users/atharvakulkarni/Desktop/IITB/BTP/ntt_accel/src/main/scala/AddressGenerator.scala. Using presentation compiler with project's scala-library version: 2.12.19
2024.11.07 10:33:33 INFO  no build target found for /Users/atharvakulkarni/Desktop/IITB/BTP/ntt_accel/src/main/scala/AddressGenerator.scala. Using presentation compiler with project's scala-library version: 2.12.19
2024.11.07 10:33:33 INFO  no build target found for /Users/atharvakulkarni/Desktop/IITB/BTP/ntt_accel/src/main/scala/AddressGenerator.scala. Using presentation compiler with project's scala-library version: 2.12.19
2024.11.07 10:33:33 INFO  no build target found for /Users/atharvakulkarni/Desktop/IITB/BTP/ntt_accel/src/main/scala/AddressGenerator.scala. Using presentation compiler with project's scala-library version: 2.12.19
2024.11.07 10:33:33 INFO  no build target found for /Users/atharvakulkarni/Desktop/IITB/BTP/ntt_accel/src/main/scala/AddressGenerator.scala. Using presentation compiler with project's scala-library version: 2.12.19
2024.11.07 10:33:34 INFO  no build target found for /Users/atharvakulkarni/Desktop/IITB/BTP/ntt_accel/src/main/scala/AddressGenerator.scala. Using presentation compiler with project's scala-library version: 2.12.19
2024.11.07 10:33:34 INFO  no build target found for /Users/atharvakulkarni/Desktop/IITB/BTP/ntt_accel/src/main/scala/AddressGenerator.scala. Using presentation compiler with project's scala-library version: 2.12.19
2024.11.07 10:33:37 INFO  no build target found for /Users/atharvakulkarni/Desktop/IITB/BTP/ntt_accel/src/main/scala/AddressGenerator.scala. Using presentation compiler with project's scala-library version: 2.12.19
2024.11.07 10:33:37 INFO  no build target found for /Users/atharvakulkarni/Desktop/IITB/BTP/ntt_accel/src/main/scala/AddressGenerator.scala. Using presentation compiler with project's scala-library version: 2.12.19
2024.11.07 10:33:37 INFO  no build target found for /Users/atharvakulkarni/Desktop/IITB/BTP/ntt_accel/src/main/scala/AddressGenerator.scala. Using presentation compiler with project's scala-library version: 2.12.19
2024.11.07 10:33:37 INFO  no build target found for /Users/atharvakulkarni/Desktop/IITB/BTP/ntt_accel/src/main/scala/AddressGenerator.scala. Using presentation compiler with project's scala-library version: 2.12.19
2024.11.07 10:33:37 INFO  no build target found for /Users/atharvakulkarni/Desktop/IITB/BTP/ntt_accel/src/main/scala/AddressGenerator.scala. Using presentation compiler with project's scala-library version: 2.12.19
2024.11.07 10:33:37 INFO  no build target found for /Users/atharvakulkarni/Desktop/IITB/BTP/ntt_accel/src/main/scala/AddressGenerator.scala. Using presentation compiler with project's scala-library version: 2.12.19
2024.11.07 10:33:37 INFO  no build target found for /Users/atharvakulkarni/Desktop/IITB/BTP/ntt_accel/src/main/scala/AddressGenerator.scala. Using presentation compiler with project's scala-library version: 2.12.19
2024.11.07 10:33:40 INFO  no build target found for /Users/atharvakulkarni/Desktop/IITB/BTP/ntt_accel/src/main/scala/AddressGenerator.scala. Using presentation compiler with project's scala-library version: 2.12.19
2024.11.07 10:33:40 INFO  no build target found for /Users/atharvakulkarni/Desktop/IITB/BTP/ntt_accel/src/main/scala/AddressGenerator.scala. Using presentation compiler with project's scala-library version: 2.12.19
2024.11.07 10:33:40 INFO  no build target found for /Users/atharvakulkarni/Desktop/IITB/BTP/ntt_accel/src/main/scala/AddressGenerator.scala. Using presentation compiler with project's scala-library version: 2.12.19
2024.11.07 10:33:40 INFO  no build target found for /Users/atharvakulkarni/Desktop/IITB/BTP/ntt_accel/src/main/scala/AddressGenerator.scala. Using presentation compiler with project's scala-library version: 2.12.19
2024.11.07 10:33:46 INFO  no build target found for /Users/atharvakulkarni/Desktop/IITB/BTP/ntt_accel/src/main/scala/AddressGenerator.scala. Using presentation compiler with project's scala-library version: 2.12.19
2024.11.07 10:33:50 INFO  no build target found for /Users/atharvakulkarni/Desktop/IITB/BTP/ntt_accel/src/main/scala/AddressGenerator.scala. Using presentation compiler with project's scala-library version: 2.12.19
2024.11.07 10:33:50 INFO  no build target found for /Users/atharvakulkarni/Desktop/IITB/BTP/ntt_accel/src/main/scala/AddressGenerator.scala. Using presentation compiler with project's scala-library version: 2.12.19
2024.11.07 10:33:50 INFO  no build target found for /Users/atharvakulkarni/Desktop/IITB/BTP/ntt_accel/src/main/scala/AddressGenerator.scala. Using presentation compiler with project's scala-library version: 2.12.19
2024.11.07 10:33:50 INFO  no build target found for /Users/atharvakulkarni/Desktop/IITB/BTP/ntt_accel/src/main/scala/AddressGenerator.scala. Using presentation compiler with project's scala-library version: 2.12.19
2024.11.07 10:33:50 INFO  no build target found for /Users/atharvakulkarni/Desktop/IITB/BTP/ntt_accel/src/main/scala/AddressGenerator.scala. Using presentation compiler with project's scala-library version: 2.12.19
2024.11.07 10:33:50 INFO  no build target found for /Users/atharvakulkarni/Desktop/IITB/BTP/ntt_accel/src/main/scala/AddressGenerator.scala. Using presentation compiler with project's scala-library version: 2.12.19
2024.11.07 10:33:50 INFO  no build target found for /Users/atharvakulkarni/Desktop/IITB/BTP/ntt_accel/src/main/scala/AddressGenerator.scala. Using presentation compiler with project's scala-library version: 2.12.19
2024.11.07 10:33:50 INFO  no build target found for /Users/atharvakulkarni/Desktop/IITB/BTP/ntt_accel/src/main/scala/AddressGenerator.scala. Using presentation compiler with project's scala-library version: 2.12.19
2024.11.07 10:33:50 INFO  no build target found for /Users/atharvakulkarni/Desktop/IITB/BTP/ntt_accel/src/main/scala/AddressGenerator.scala. Using presentation compiler with project's scala-library version: 2.12.19
2024.11.07 10:33:50 INFO  no build target found for /Users/atharvakulkarni/Desktop/IITB/BTP/ntt_accel/src/main/scala/AddressGenerator.scala. Using presentation compiler with project's scala-library version: 2.12.19
2024.11.07 10:33:50 INFO  no build target found for /Users/atharvakulkarni/Desktop/IITB/BTP/ntt_accel/src/main/scala/AddressGenerator.scala. Using presentation compiler with project's scala-library version: 2.12.19
2024.11.07 10:33:50 INFO  no build target found for /Users/atharvakulkarni/Desktop/IITB/BTP/ntt_accel/src/main/scala/AddressGenerator.scala. Using presentation compiler with project's scala-library version: 2.12.19
2024.11.07 10:33:50 INFO  no build target found for /Users/atharvakulkarni/Desktop/IITB/BTP/ntt_accel/src/main/scala/AddressGenerator.scala. Using presentation compiler with project's scala-library version: 2.12.19
2024.11.07 10:33:50 INFO  no build target found for /Users/atharvakulkarni/Desktop/IITB/BTP/ntt_accel/src/main/scala/AddressGenerator.scala. Using presentation compiler with project's scala-library version: 2.12.19
2024.11.07 10:33:50 INFO  no build target found for /Users/atharvakulkarni/Desktop/IITB/BTP/ntt_accel/src/main/scala/AddressGenerator.scala. Using presentation compiler with project's scala-library version: 2.12.19
2024.11.07 10:33:51 INFO  no build target found for /Users/atharvakulkarni/Desktop/IITB/BTP/ntt_accel/src/main/scala/AddressGenerator.scala. Using presentation compiler with project's scala-library version: 2.12.19
2024.11.07 10:33:51 INFO  no build target found for /Users/atharvakulkarni/Desktop/IITB/BTP/ntt_accel/src/main/scala/AddressGenerator.scala. Using presentation compiler with project's scala-library version: 2.12.19
2024.11.07 10:33:51 INFO  no build target found for /Users/atharvakulkarni/Desktop/IITB/BTP/ntt_accel/src/main/scala/AddressGenerator.scala. Using presentation compiler with project's scala-library version: 2.12.19
2024.11.07 10:33:51 INFO  no build target found for /Users/atharvakulkarni/Desktop/IITB/BTP/ntt_accel/src/main/scala/AddressGenerator.scala. Using presentation compiler with project's scala-library version: 2.12.19
2024.11.07 10:33:51 INFO  no build target found for /Users/atharvakulkarni/Desktop/IITB/BTP/ntt_accel/src/main/scala/AddressGenerator.scala. Using presentation compiler with project's scala-library version: 2.12.19
2024.11.07 10:33:51 INFO  no build target found for /Users/atharvakulkarni/Desktop/IITB/BTP/ntt_accel/src/main/scala/AddressGenerator.scala. Using presentation compiler with project's scala-library version: 2.12.19
2024.11.07 10:33:51 INFO  no build target found for /Users/atharvakulkarni/Desktop/IITB/BTP/ntt_accel/src/main/scala/AddressGenerator.scala. Using presentation compiler with project's scala-library version: 2.12.19
2024.11.07 10:33:52 INFO  no build target found for /Users/atharvakulkarni/Desktop/IITB/BTP/ntt_accel/src/main/scala/AddressGenerator.scala. Using presentation compiler with project's scala-library version: 2.12.19
2024.11.07 10:33:52 INFO  no build target found for /Users/atharvakulkarni/Desktop/IITB/BTP/ntt_accel/src/main/scala/AddressGenerator.scala. Using presentation compiler with project's scala-library version: 2.12.19
2024.11.07 10:33:52 INFO  no build target found for /Users/atharvakulkarni/Desktop/IITB/BTP/ntt_accel/src/main/scala/AddressGenerator.scala. Using presentation compiler with project's scala-library version: 2.12.19
2024.11.07 10:33:52 INFO  no build target found for /Users/atharvakulkarni/Desktop/IITB/BTP/ntt_accel/src/main/scala/AddressGenerator.scala. Using presentation compiler with project's scala-library version: 2.12.19
2024.11.07 10:33:52 INFO  no build target found for /Users/atharvakulkarni/Desktop/IITB/BTP/ntt_accel/src/main/scala/AddressGenerator.scala. Using presentation compiler with project's scala-library version: 2.12.19
2024.11.07 10:33:52 INFO  no build target found for /Users/atharvakulkarni/Desktop/IITB/BTP/ntt_accel/src/main/scala/AddressGenerator.scala. Using presentation compiler with project's scala-library version: 2.12.19
2024.11.07 10:33:52 INFO  no build target found for /Users/atharvakulkarni/Desktop/IITB/BTP/ntt_accel/src/main/scala/AddressGenerator.scala. Using presentation compiler with project's scala-library version: 2.12.19
2024.11.07 10:33:52 INFO  no build target found for /Users/atharvakulkarni/Desktop/IITB/BTP/ntt_accel/src/main/scala/AddressGenerator.scala. Using presentation compiler with project's scala-library version: 2.12.19
2024.11.07 10:33:52 INFO  no build target found for /Users/atharvakulkarni/Desktop/IITB/BTP/ntt_accel/src/main/scala/AddressGenerator.scala. Using presentation compiler with project's scala-library version: 2.12.19
2024.11.07 10:33:52 INFO  no build target found for /Users/atharvakulkarni/Desktop/IITB/BTP/ntt_accel/src/main/scala/AddressGenerator.scala. Using presentation compiler with project's scala-library version: 2.12.19
2024.11.07 10:33:55 INFO  no build target found for /Users/atharvakulkarni/Desktop/IITB/BTP/ntt_accel/src/main/scala/AddressGenerator.scala. Using presentation compiler with project's scala-library version: 2.12.19
2024.11.07 10:33:55 INFO  no build target found for /Users/atharvakulkarni/Desktop/IITB/BTP/ntt_accel/src/main/scala/AddressGenerator.scala. Using presentation compiler with project's scala-library version: 2.12.19
2024.11.07 10:33:55 INFO  no build target found for /Users/atharvakulkarni/Desktop/IITB/BTP/ntt_accel/src/main/scala/AddressGenerator.scala. Using presentation compiler with project's scala-library version: 2.12.19
2024.11.07 10:33:55 INFO  no build target found for /Users/atharvakulkarni/Desktop/IITB/BTP/ntt_accel/src/main/scala/AddressGenerator.scala. Using presentation compiler with project's scala-library version: 2.12.19
2024.11.07 10:33:55 INFO  no build target found for /Users/atharvakulkarni/Desktop/IITB/BTP/ntt_accel/src/main/scala/AddressGenerator.scala. Using presentation compiler with project's scala-library version: 2.12.19
2024.11.07 10:33:56 INFO  no build target found for /Users/atharvakulkarni/Desktop/IITB/BTP/ntt_accel/src/main/scala/AddressGenerator.scala. Using presentation compiler with project's scala-library version: 2.12.19
2024.11.07 10:33:56 INFO  no build target found for /Users/atharvakulkarni/Desktop/IITB/BTP/ntt_accel/src/main/scala/AddressGenerator.scala. Using presentation compiler with project's scala-library version: 2.12.19
2024.11.07 10:33:56 INFO  no build target found for /Users/atharvakulkarni/Desktop/IITB/BTP/ntt_accel/src/main/scala/AddressGenerator.scala. Using presentation compiler with project's scala-library version: 2.12.19
2024.11.07 10:33:56 INFO  no build target found for /Users/atharvakulkarni/Desktop/IITB/BTP/ntt_accel/src/main/scala/AddressGenerator.scala. Using presentation compiler with project's scala-library version: 2.12.19
2024.11.07 10:33:56 INFO  no build target found for /Users/atharvakulkarni/Desktop/IITB/BTP/ntt_accel/src/main/scala/AddressGenerator.scala. Using presentation compiler with project's scala-library version: 2.12.19
2024.11.07 10:33:57 INFO  no build target found for /Users/atharvakulkarni/Desktop/IITB/BTP/ntt_accel/src/main/scala/AddressGenerator.scala. Using presentation compiler with project's scala-library version: 2.12.19
2024.11.07 10:33:57 INFO  no build target found for /Users/atharvakulkarni/Desktop/IITB/BTP/ntt_accel/src/main/scala/AddressGenerator.scala. Using presentation compiler with project's scala-library version: 2.12.19
2024.11.07 10:33:56 INFO  no build target found for /Users/atharvakulkarni/Desktop/IITB/BTP/ntt_accel/src/main/scala/AddressGenerator.scala. Using presentation compiler with project's scala-library version: 2.12.19
2024.11.07 10:33:56 INFO  no build target found for /Users/atharvakulkarni/Desktop/IITB/BTP/ntt_accel/src/main/scala/AddressGenerator.scala. Using presentation compiler with project's scala-library version: 2.12.19
2024.11.07 10:33:57 INFO  no build target found for /Users/atharvakulkarni/Desktop/IITB/BTP/ntt_accel/src/main/scala/AddressGenerator.scala. Using presentation compiler with project's scala-library version: 2.12.19
2024.11.07 10:33:57 INFO  no build target found for /Users/atharvakulkarni/Desktop/IITB/BTP/ntt_accel/src/main/scala/AddressGenerator.scala. Using presentation compiler with project's scala-library version: 2.12.19
2024.11.07 10:33:56 INFO  no build target found for /Users/atharvakulkarni/Desktop/IITB/BTP/ntt_accel/src/main/scala/AddressGenerator.scala. Using presentation compiler with project's scala-library version: 2.12.19
2024.11.07 10:33:57 INFO  no build target found for /Users/atharvakulkarni/Desktop/IITB/BTP/ntt_accel/src/main/scala/AddressGenerator.scala. Using presentation compiler with project's scala-library version: 2.12.19
2024.11.07 10:33:57 INFO  no build target found for /Users/atharvakulkarni/Desktop/IITB/BTP/ntt_accel/src/main/scala/AddressGenerator.scala. Using presentation compiler with project's scala-library version: 2.12.19
2024.11.07 10:33:57 INFO  no build target found for /Users/atharvakulkarni/Desktop/IITB/BTP/ntt_accel/src/main/scala/AddressGenerator.scala. Using presentation compiler with project's scala-library version: 2.12.19
2024.11.07 10:33:57 INFO  no build target found for /Users/atharvakulkarni/Desktop/IITB/BTP/ntt_accel/src/main/scala/AddressGenerator.scala. Using presentation compiler with project's scala-library version: 2.12.19
2024.11.07 10:33:57 INFO  no build target found for /Users/atharvakulkarni/Desktop/IITB/BTP/ntt_accel/src/main/scala/AddressGenerator.scala. Using presentation compiler with project's scala-library version: 2.12.19
2024.11.07 10:33:57 INFO  no build target found for /Users/atharvakulkarni/Desktop/IITB/BTP/ntt_accel/src/main/scala/AddressGenerator.scala. Using presentation compiler with project's scala-library version: 2.12.19
2024.11.07 10:33:58 INFO  no build target found for /Users/atharvakulkarni/Desktop/IITB/BTP/ntt_accel/src/main/scala/AddressGenerator.scala. Using presentation compiler with project's scala-library version: 2.12.19
2024.11.07 10:33:58 INFO  no build target found for /Users/atharvakulkarni/Desktop/IITB/BTP/ntt_accel/src/main/scala/AddressGenerator.scala. Using presentation compiler with project's scala-library version: 2.12.19
2024.11.07 10:34:01 INFO  no build target found for /Users/atharvakulkarni/Desktop/IITB/BTP/ntt_accel/src/main/scala/AddressGenerator.scala. Using presentation compiler with project's scala-library version: 2.12.19
2024.11.07 10:34:01 INFO  no build target found for /Users/atharvakulkarni/Desktop/IITB/BTP/ntt_accel/src/main/scala/AddressGenerator.scala. Using presentation compiler with project's scala-library version: 2.12.19
2024.11.07 10:34:02 INFO  no build target found for /Users/atharvakulkarni/Desktop/IITB/BTP/ntt_accel/src/main/scala/AddressGenerator.scala. Using presentation compiler with project's scala-library version: 2.12.19
2024.11.07 10:34:02 INFO  no build target found for /Users/atharvakulkarni/Desktop/IITB/BTP/ntt_accel/src/main/scala/AddressGenerator.scala. Using presentation compiler with project's scala-library version: 2.12.19
2024.11.07 10:34:01 INFO  no build target found for /Users/atharvakulkarni/Desktop/IITB/BTP/ntt_accel/src/main/scala/AddressGenerator.scala. Using presentation compiler with project's scala-library version: 2.12.19
2024.11.07 10:34:03 INFO  no build target found for /Users/atharvakulkarni/Desktop/IITB/BTP/ntt_accel/src/main/scala/AddressGenerator.scala. Using presentation compiler with project's scala-library version: 2.12.19
2024.11.07 10:34:03 INFO  no build target found for /Users/atharvakulkarni/Desktop/IITB/BTP/ntt_accel/src/main/scala/AddressGenerator.scala. Using presentation compiler with project's scala-library version: 2.12.19
2024.11.07 10:34:03 INFO  no build target found for /Users/atharvakulkarni/Desktop/IITB/BTP/ntt_accel/src/main/scala/AddressGenerator.scala. Using presentation compiler with project's scala-library version: 2.12.19
2024.11.07 10:34:08 INFO  no build target found for /Users/atharvakulkarni/Desktop/IITB/BTP/ntt_accel/src/main/scala/AddressGenerator.scala. Using presentation compiler with project's scala-library version: 2.12.19
2024.11.07 10:34:08 INFO  no build target found for /Users/atharvakulkarni/Desktop/IITB/BTP/ntt_accel/src/main/scala/AddressGenerator.scala. Using presentation compiler with project's scala-library version: 2.12.19
2024.11.07 10:34:08 INFO  no build target found for /Users/atharvakulkarni/Desktop/IITB/BTP/ntt_accel/src/main/scala/AddressGenerator.scala. Using presentation compiler with project's scala-library version: 2.12.19
2024.11.07 10:34:08 INFO  no build target found for /Users/atharvakulkarni/Desktop/IITB/BTP/ntt_accel/src/main/scala/AddressGenerator.scala. Using presentation compiler with project's scala-library version: 2.12.19
2024.11.07 10:34:13 INFO  no build target found for /Users/atharvakulkarni/Desktop/IITB/BTP/ntt_accel/src/main/scala/AddressGenerator.scala. Using presentation compiler with project's scala-library version: 2.12.19
2024.11.07 10:34:13 INFO  no build target found for /Users/atharvakulkarni/Desktop/IITB/BTP/ntt_accel/src/main/scala/AddressGenerator.scala. Using presentation compiler with project's scala-library version: 2.12.19
2024.11.07 10:34:13 INFO  no build target found for /Users/atharvakulkarni/Desktop/IITB/BTP/ntt_accel/src/main/scala/AddressGenerator.scala. Using presentation compiler with project's scala-library version: 2.12.19
2024.11.07 10:34:13 INFO  no build target found for /Users/atharvakulkarni/Desktop/IITB/BTP/ntt_accel/src/main/scala/AddressGenerator.scala. Using presentation compiler with project's scala-library version: 2.12.19
2024.11.07 10:34:17 INFO  no build target found for /Users/atharvakulkarni/Desktop/IITB/BTP/ntt_accel/src/main/scala/AddressGenerator.scala. Using presentation compiler with project's scala-library version: 2.12.19
2024.11.07 10:34:17 INFO  no build target found for /Users/atharvakulkarni/Desktop/IITB/BTP/ntt_accel/src/main/scala/AddressGenerator.scala. Using presentation compiler with project's scala-library version: 2.12.19
2024.11.07 10:34:17 INFO  no build target found for /Users/atharvakulkarni/Desktop/IITB/BTP/ntt_accel/src/main/scala/AddressGenerator.scala. Using presentation compiler with project's scala-library version: 2.12.19
2024.11.07 10:34:17 INFO  no build target found for /Users/atharvakulkarni/Desktop/IITB/BTP/ntt_accel/src/main/scala/AddressGenerator.scala. Using presentation compiler with project's scala-library version: 2.12.19
2024.11.07 10:34:17 INFO  no build target found for /Users/atharvakulkarni/Desktop/IITB/BTP/ntt_accel/src/main/scala/AddressGenerator.scala. Using presentation compiler with project's scala-library version: 2.12.19
2024.11.07 10:34:18 INFO  no build target found for /Users/atharvakulkarni/Desktop/IITB/BTP/ntt_accel/src/main/scala/AddressGenerator.scala. Using presentation compiler with project's scala-library version: 2.12.19
2024.11.07 10:34:17 INFO  no build target found for /Users/atharvakulkarni/Desktop/IITB/BTP/ntt_accel/src/main/scala/AddressGenerator.scala. Using presentation compiler with project's scala-library version: 2.12.19
2024.11.07 10:34:17 INFO  no build target found for /Users/atharvakulkarni/Desktop/IITB/BTP/ntt_accel/src/main/scala/AddressGenerator.scala. Using presentation compiler with project's scala-library version: 2.12.19
2024.11.07 10:34:18 INFO  no build target found for /Users/atharvakulkarni/Desktop/IITB/BTP/ntt_accel/src/main/scala/AddressGenerator.scala. Using presentation compiler with project's scala-library version: 2.12.19
2024.11.07 10:34:18 INFO  no build target found for /Users/atharvakulkarni/Desktop/IITB/BTP/ntt_accel/src/main/scala/AddressGenerator.scala. Using presentation compiler with project's scala-library version: 2.12.19
2024.11.07 10:34:18 INFO  no build target found for /Users/atharvakulkarni/Desktop/IITB/BTP/ntt_accel/src/main/scala/AddressGenerator.scala. Using presentation compiler with project's scala-library version: 2.12.19
2024.11.07 10:34:18 INFO  no build target found for /Users/atharvakulkarni/Desktop/IITB/BTP/ntt_accel/src/main/scala/AddressGenerator.scala. Using presentation compiler with project's scala-library version: 2.12.19
2024.11.07 10:34:18 INFO  no build target found for /Users/atharvakulkarni/Desktop/IITB/BTP/ntt_accel/src/main/scala/AddressGenerator.scala. Using presentation compiler with project's scala-library version: 2.12.19
2024.11.07 10:34:18 INFO  no build target found for /Users/atharvakulkarni/Desktop/IITB/BTP/ntt_accel/src/main/scala/AddressGenerator.scala. Using presentation compiler with project's scala-library version: 2.12.19
2024.11.07 10:34:18 INFO  no build target found for /Users/atharvakulkarni/Desktop/IITB/BTP/ntt_accel/src/main/scala/AddressGenerator.scala. Using presentation compiler with project's scala-library version: 2.12.19
2024.11.07 10:34:18 INFO  no build target found for /Users/atharvakulkarni/Desktop/IITB/BTP/ntt_accel/src/main/scala/AddressGenerator.scala. Using presentation compiler with project's scala-library version: 2.12.19
2024.11.07 10:34:18 INFO  no build target found for /Users/atharvakulkarni/Desktop/IITB/BTP/ntt_accel/src/main/scala/AddressGenerator.scala. Using presentation compiler with project's scala-library version: 2.12.19
2024.11.07 10:34:18 INFO  no build target found for /Users/atharvakulkarni/Desktop/IITB/BTP/ntt_accel/src/main/scala/AddressGenerator.scala. Using presentation compiler with project's scala-library version: 2.12.19
2024.11.07 10:34:20 INFO  no build target found for /Users/atharvakulkarni/Desktop/IITB/BTP/ntt_accel/src/main/scala/AddressGenerator.scala. Using presentation compiler with project's scala-library version: 2.12.19
2024.11.07 10:34:20 INFO  no build target found for /Users/atharvakulkarni/Desktop/IITB/BTP/ntt_accel/src/main/scala/AddressGenerator.scala. Using presentation compiler with project's scala-library version: 2.12.19
2024.11.07 10:34:20 INFO  no build target found for /Users/atharvakulkarni/Desktop/IITB/BTP/ntt_accel/src/main/scala/AddressGenerator.scala. Using presentation compiler with project's scala-library version: 2.12.19
2024.11.07 10:34:20 INFO  no build target found for /Users/atharvakulkarni/Desktop/IITB/BTP/ntt_accel/src/main/scala/AddressGenerator.scala. Using presentation compiler with project's scala-library version: 2.12.19
2024.11.07 10:34:20 INFO  no build target found for /Users/atharvakulkarni/Desktop/IITB/BTP/ntt_accel/src/main/scala/AddressGenerator.scala. Using presentation compiler with project's scala-library version: 2.12.19
2024.11.07 10:34:24 INFO  no build target found for /Users/atharvakulkarni/Desktop/IITB/BTP/ntt_accel/src/main/scala/AddressGenerator.scala. Using presentation compiler with project's scala-library version: 2.12.19
2024.11.07 10:34:24 INFO  no build target found for /Users/atharvakulkarni/Desktop/IITB/BTP/ntt_accel/src/main/scala/AddressGenerator.scala. Using presentation compiler with project's scala-library version: 2.12.19
2024.11.07 10:34:24 INFO  no build target found for /Users/atharvakulkarni/Desktop/IITB/BTP/ntt_accel/src/main/scala/AddressGenerator.scala. Using presentation compiler with project's scala-library version: 2.12.19
2024.11.07 10:34:24 INFO  no build target found for /Users/atharvakulkarni/Desktop/IITB/BTP/ntt_accel/src/main/scala/AddressGenerator.scala. Using presentation compiler with project's scala-library version: 2.12.19
2024.11.07 10:34:24 INFO  no build target found for /Users/atharvakulkarni/Desktop/IITB/BTP/ntt_accel/src/main/scala/AddressGenerator.scala. Using presentation compiler with project's scala-library version: 2.12.19
2024.11.07 10:34:24 INFO  no build target found for /Users/atharvakulkarni/Desktop/IITB/BTP/ntt_accel/src/main/scala/AddressGenerator.scala. Using presentation compiler with project's scala-library version: 2.12.19
2024.11.07 10:34:24 INFO  no build target found for /Users/atharvakulkarni/Desktop/IITB/BTP/ntt_accel/src/main/scala/AddressGenerator.scala. Using presentation compiler with project's scala-library version: 2.12.19
2024.11.07 10:34:25 INFO  no build target found for /Users/atharvakulkarni/Desktop/IITB/BTP/ntt_accel/src/main/scala/AddressGenerator.scala. Using presentation compiler with project's scala-library version: 2.12.19
2024.11.07 10:34:25 INFO  no build target found for /Users/atharvakulkarni/Desktop/IITB/BTP/ntt_accel/src/main/scala/AddressGenerator.scala. Using presentation compiler with project's scala-library version: 2.12.19
2024.11.07 10:34:25 INFO  no build target found for /Users/atharvakulkarni/Desktop/IITB/BTP/ntt_accel/src/main/scala/AddressGenerator.scala. Using presentation compiler with project's scala-library version: 2.12.19
2024.11.07 10:34:25 INFO  no build target found for /Users/atharvakulkarni/Desktop/IITB/BTP/ntt_accel/src/main/scala/AddressGenerator.scala. Using presentation compiler with project's scala-library version: 2.12.19
2024.11.07 10:34:25 INFO  no build target found for /Users/atharvakulkarni/Desktop/IITB/BTP/ntt_accel/src/main/scala/AddressGenerator.scala. Using presentation compiler with project's scala-library version: 2.12.19
2024.11.07 10:34:25 INFO  no build target found for /Users/atharvakulkarni/Desktop/IITB/BTP/ntt_accel/src/main/scala/AddressGenerator.scala. Using presentation compiler with project's scala-library version: 2.12.19
2024.11.07 10:34:26 INFO  no build target found for /Users/atharvakulkarni/Desktop/IITB/BTP/ntt_accel/src/main/scala/AddressGenerator.scala. Using presentation compiler with project's scala-library version: 2.12.19
2024.11.07 10:34:26 INFO  no build target found for /Users/atharvakulkarni/Desktop/IITB/BTP/ntt_accel/src/main/scala/AddressGenerator.scala. Using presentation compiler with project's scala-library version: 2.12.19
2024.11.07 10:34:26 INFO  no build target found for /Users/atharvakulkarni/Desktop/IITB/BTP/ntt_accel/src/main/scala/AddressGenerator.scala. Using presentation compiler with project's scala-library version: 2.12.19
2024.11.07 10:34:28 INFO  no build target found for /Users/atharvakulkarni/Desktop/IITB/BTP/ntt_accel/src/main/scala/AddressGenerator.scala. Using presentation compiler with project's scala-library version: 2.12.19
2024.11.07 10:34:28 INFO  no build target found for /Users/atharvakulkarni/Desktop/IITB/BTP/ntt_accel/src/main/scala/AddressGenerator.scala. Using presentation compiler with project's scala-library version: 2.12.19
2024.11.07 10:34:28 INFO  no build target found for /Users/atharvakulkarni/Desktop/IITB/BTP/ntt_accel/src/main/scala/AddressGenerator.scala. Using presentation compiler with project's scala-library version: 2.12.19
2024.11.07 10:34:29 INFO  no build target found for /Users/atharvakulkarni/Desktop/IITB/BTP/ntt_accel/src/main/scala/AddressGenerator.scala. Using presentation compiler with project's scala-library version: 2.12.19
2024.11.07 10:34:29 INFO  no build target found for /Users/atharvakulkarni/Desktop/IITB/BTP/ntt_accel/src/main/scala/AddressGenerator.scala. Using presentation compiler with project's scala-library version: 2.12.19
2024.11.07 10:34:29 INFO  no build target found for /Users/atharvakulkarni/Desktop/IITB/BTP/ntt_accel/src/main/scala/AddressGenerator.scala. Using presentation compiler with project's scala-library version: 2.12.19
2024.11.07 10:34:29 INFO  no build target found for /Users/atharvakulkarni/Desktop/IITB/BTP/ntt_accel/src/main/scala/AddressGenerator.scala. Using presentation compiler with project's scala-library version: 2.12.19
2024.11.07 10:34:29 INFO  no build target found for /Users/atharvakulkarni/Desktop/IITB/BTP/ntt_accel/src/main/scala/AddressGenerator.scala. Using presentation compiler with project's scala-library version: 2.12.19
2024.11.07 10:34:29 INFO  no build target found for /Users/atharvakulkarni/Desktop/IITB/BTP/ntt_accel/src/main/scala/AddressGenerator.scala. Using presentation compiler with project's scala-library version: 2.12.19
2024.11.07 10:34:29 INFO  no build target found for /Users/atharvakulkarni/Desktop/IITB/BTP/ntt_accel/src/main/scala/AddressGenerator.scala. Using presentation compiler with project's scala-library version: 2.12.19
2024.11.07 10:34:29 INFO  no build target found for /Users/atharvakulkarni/Desktop/IITB/BTP/ntt_accel/src/main/scala/AddressGenerator.scala. Using presentation compiler with project's scala-library version: 2.12.19
2024.11.07 10:34:29 INFO  no build target found for /Users/atharvakulkarni/Desktop/IITB/BTP/ntt_accel/src/main/scala/AddressGenerator.scala. Using presentation compiler with project's scala-library version: 2.12.19
2024.11.07 10:34:29 INFO  no build target found for /Users/atharvakulkarni/Desktop/IITB/BTP/ntt_accel/src/main/scala/AddressGenerator.scala. Using presentation compiler with project's scala-library version: 2.12.19
2024.11.07 10:34:29 INFO  no build target found for /Users/atharvakulkarni/Desktop/IITB/BTP/ntt_accel/src/main/scala/AddressGenerator.scala. Using presentation compiler with project's scala-library version: 2.12.19
2024.11.07 10:34:29 INFO  no build target found for /Users/atharvakulkarni/Desktop/IITB/BTP/ntt_accel/src/main/scala/AddressGenerator.scala. Using presentation compiler with project's scala-library version: 2.12.19
2024.11.07 10:34:29 INFO  no build target found for /Users/atharvakulkarni/Desktop/IITB/BTP/ntt_accel/src/main/scala/AddressGenerator.scala. Using presentation compiler with project's scala-library version: 2.12.19
2024.11.07 10:34:29 INFO  no build target found for /Users/atharvakulkarni/Desktop/IITB/BTP/ntt_accel/src/main/scala/AddressGenerator.scala. Using presentation compiler with project's scala-library version: 2.12.19
2024.11.07 10:34:29 INFO  no build target found for /Users/atharvakulkarni/Desktop/IITB/BTP/ntt_accel/src/main/scala/AddressGenerator.scala. Using presentation compiler with project's scala-library version: 2.12.19
2024.11.07 10:34:29 INFO  no build target found for /Users/atharvakulkarni/Desktop/IITB/BTP/ntt_accel/src/main/scala/AddressGenerator.scala. Using presentation compiler with project's scala-library version: 2.12.19
2024.11.07 10:34:30 INFO  no build target found for /Users/atharvakulkarni/Desktop/IITB/BTP/ntt_accel/src/main/scala/AddressGenerator.scala. Using presentation compiler with project's scala-library version: 2.12.19
2024.11.07 10:34:30 INFO  no build target found for /Users/atharvakulkarni/Desktop/IITB/BTP/ntt_accel/src/main/scala/AddressGenerator.scala. Using presentation compiler with project's scala-library version: 2.12.19
2024.11.07 10:34:30 INFO  no build target found for /Users/atharvakulkarni/Desktop/IITB/BTP/ntt_accel/src/main/scala/AddressGenerator.scala. Using presentation compiler with project's scala-library version: 2.12.19
2024.11.07 10:34:30 INFO  no build target found for /Users/atharvakulkarni/Desktop/IITB/BTP/ntt_accel/src/main/scala/AddressGenerator.scala. Using presentation compiler with project's scala-library version: 2.12.19
2024.11.07 10:34:30 INFO  no build target found for /Users/atharvakulkarni/Desktop/IITB/BTP/ntt_accel/src/main/scala/AddressGenerator.scala. Using presentation compiler with project's scala-library version: 2.12.19
2024.11.07 10:34:30 INFO  no build target found for /Users/atharvakulkarni/Desktop/IITB/BTP/ntt_accel/src/main/scala/AddressGenerator.scala. Using presentation compiler with project's scala-library version: 2.12.19
2024.11.07 10:34:30 INFO  no build target found for /Users/atharvakulkarni/Desktop/IITB/BTP/ntt_accel/src/main/scala/AddressGenerator.scala. Using presentation compiler with project's scala-library version: 2.12.19
2024.11.07 10:34:30 INFO  no build target found for /Users/atharvakulkarni/Desktop/IITB/BTP/ntt_accel/src/main/scala/AddressGenerator.scala. Using presentation compiler with project's scala-library version: 2.12.19
2024.11.07 10:34:31 INFO  no build target found for /Users/atharvakulkarni/Desktop/IITB/BTP/ntt_accel/src/main/scala/AddressGenerator.scala. Using presentation compiler with project's scala-library version: 2.12.19
2024.11.07 10:34:31 INFO  no build target found for /Users/atharvakulkarni/Desktop/IITB/BTP/ntt_accel/src/main/scala/AddressGenerator.scala. Using presentation compiler with project's scala-library version: 2.12.19
2024.11.07 10:34:32 INFO  no build target found for /Users/atharvakulkarni/Desktop/IITB/BTP/ntt_accel/src/main/scala/AddressGenerator.scala. Using presentation compiler with project's scala-library version: 2.12.19
2024.11.07 10:34:32 INFO  no build target found for /Users/atharvakulkarni/Desktop/IITB/BTP/ntt_accel/src/main/scala/AddressGenerator.scala. Using presentation compiler with project's scala-library version: 2.12.19
2024.11.07 10:34:32 INFO  no build target found for /Users/atharvakulkarni/Desktop/IITB/BTP/ntt_accel/src/main/scala/AddressGenerator.scala. Using presentation compiler with project's scala-library version: 2.12.19
2024.11.07 10:34:33 INFO  no build target found for /Users/atharvakulkarni/Desktop/IITB/BTP/ntt_accel/src/main/scala/AddressGenerator.scala. Using presentation compiler with project's scala-library version: 2.12.19
2024.11.07 10:34:34 INFO  no build target found for /Users/atharvakulkarni/Desktop/IITB/BTP/ntt_accel/src/main/scala/AddressGenerator.scala. Using presentation compiler with project's scala-library version: 2.12.19
2024.11.07 10:34:34 INFO  no build target found for /Users/atharvakulkarni/Desktop/IITB/BTP/ntt_accel/src/main/scala/AddressGenerator.scala. Using presentation compiler with project's scala-library version: 2.12.19
2024.11.07 10:34:38 INFO  no build target found for /Users/atharvakulkarni/Desktop/IITB/BTP/ntt_accel/src/main/scala/AddressGenerator.scala. Using presentation compiler with project's scala-library version: 2.12.19
2024.11.07 10:34:38 INFO  no build target found for /Users/atharvakulkarni/Desktop/IITB/BTP/ntt_accel/src/main/scala/AddressGenerator.scala. Using presentation compiler with project's scala-library version: 2.12.19
2024.11.07 10:34:38 INFO  no build target found for /Users/atharvakulkarni/Desktop/IITB/BTP/ntt_accel/src/main/scala/AddressGenerator.scala. Using presentation compiler with project's scala-library version: 2.12.19
2024.11.07 10:34:38 INFO  no build target found for /Users/atharvakulkarni/Desktop/IITB/BTP/ntt_accel/src/main/scala/AddressGenerator.scala. Using presentation compiler with project's scala-library version: 2.12.19
2024.11.07 10:34:41 INFO  no build target found for /Users/atharvakulkarni/Desktop/IITB/BTP/ntt_accel/src/main/scala/AddressGenerator.scala. Using presentation compiler with project's scala-library version: 2.12.19
2024.11.07 10:34:41 INFO  no build target found for /Users/atharvakulkarni/Desktop/IITB/BTP/ntt_accel/src/main/scala/AddressGenerator.scala. Using presentation compiler with project's scala-library version: 2.12.19
2024.11.07 10:34:41 INFO  no build target found for /Users/atharvakulkarni/Desktop/IITB/BTP/ntt_accel/src/main/scala/AddressGenerator.scala. Using presentation compiler with project's scala-library version: 2.12.19
2024.11.07 10:34:41 INFO  no build target found for /Users/atharvakulkarni/Desktop/IITB/BTP/ntt_accel/src/main/scala/AddressGenerator.scala. Using presentation compiler with project's scala-library version: 2.12.19
2024.11.07 10:34:43 INFO  no build target found for /Users/atharvakulkarni/Desktop/IITB/BTP/ntt_accel/src/main/scala/AddressGenerator.scala. Using presentation compiler with project's scala-library version: 2.12.19
2024.11.07 10:34:43 INFO  no build target found for /Users/atharvakulkarni/Desktop/IITB/BTP/ntt_accel/src/main/scala/AddressGenerator.scala. Using presentation compiler with project's scala-library version: 2.12.19
2024.11.07 10:34:44 INFO  no build target found for /Users/atharvakulkarni/Desktop/IITB/BTP/ntt_accel/src/main/scala/AddressGenerator.scala. Using presentation compiler with project's scala-library version: 2.12.19
2024.11.07 10:34:44 INFO  no build target found for /Users/atharvakulkarni/Desktop/IITB/BTP/ntt_accel/src/main/scala/AddressGenerator.scala. Using presentation compiler with project's scala-library version: 2.12.19
2024.11.07 10:34:44 INFO  no build target found for /Users/atharvakulkarni/Desktop/IITB/BTP/ntt_accel/src/main/scala/AddressGenerator.scala. Using presentation compiler with project's scala-library version: 2.12.19
2024.11.07 10:34:44 INFO  no build target found for /Users/atharvakulkarni/Desktop/IITB/BTP/ntt_accel/src/main/scala/AddressGenerator.scala. Using presentation compiler with project's scala-library version: 2.12.19
2024.11.07 10:34:48 INFO  no build target found for /Users/atharvakulkarni/Desktop/IITB/BTP/ntt_accel/src/main/scala/AddressGenerator.scala. Using presentation compiler with project's scala-library version: 2.12.19
2024.11.07 10:34:48 INFO  no build target found for /Users/atharvakulkarni/Desktop/IITB/BTP/ntt_accel/src/main/scala/AddressGenerator.scala. Using presentation compiler with project's scala-library version: 2.12.19
2024.11.07 10:34:48 INFO  no build target found for /Users/atharvakulkarni/Desktop/IITB/BTP/ntt_accel/src/main/scala/AddressGenerator.scala. Using presentation compiler with project's scala-library version: 2.12.19
2024.11.07 10:34:48 INFO  no build target found for /Users/atharvakulkarni/Desktop/IITB/BTP/ntt_accel/src/main/scala/AddressGenerator.scala. Using presentation compiler with project's scala-library version: 2.12.19
2024.11.07 10:34:49 INFO  no build target found for /Users/atharvakulkarni/Desktop/IITB/BTP/ntt_accel/src/main/scala/AddressGenerator.scala. Using presentation compiler with project's scala-library version: 2.12.19
2024.11.07 10:34:49 INFO  no build target found for /Users/atharvakulkarni/Desktop/IITB/BTP/ntt_accel/src/main/scala/AddressGenerator.scala. Using presentation compiler with project's scala-library version: 2.12.19
2024.11.07 10:34:49 INFO  no build target found for /Users/atharvakulkarni/Desktop/IITB/BTP/ntt_accel/src/main/scala/AddressGenerator.scala. Using presentation compiler with project's scala-library version: 2.12.19
2024.11.07 10:34:49 INFO  no build target found for /Users/atharvakulkarni/Desktop/IITB/BTP/ntt_accel/src/main/scala/AddressGenerator.scala. Using presentation compiler with project's scala-library version: 2.12.19
2024.11.07 10:34:54 INFO  no build target found for /Users/atharvakulkarni/Desktop/IITB/BTP/ntt_accel/src/main/scala/AddressGenerator.scala. Using presentation compiler with project's scala-library version: 2.12.19
2024.11.07 10:34:54 INFO  no build target found for /Users/atharvakulkarni/Desktop/IITB/BTP/ntt_accel/src/main/scala/AddressGenerator.scala. Using presentation compiler with project's scala-library version: 2.12.19
2024.11.07 10:34:54 INFO  no build target found for /Users/atharvakulkarni/Desktop/IITB/BTP/ntt_accel/src/main/scala/AddressGenerator.scala. Using presentation compiler with project's scala-library version: 2.12.19
2024.11.07 10:34:56 INFO  no build target found for /Users/atharvakulkarni/Desktop/IITB/BTP/ntt_accel/src/main/scala/AddressGenerator.scala. Using presentation compiler with project's scala-library version: 2.12.19
2024.11.07 10:34:56 INFO  no build target found for /Users/atharvakulkarni/Desktop/IITB/BTP/ntt_accel/src/main/scala/AddressGenerator.scala. Using presentation compiler with project's scala-library version: 2.12.19
2024.11.07 10:34:56 INFO  no build target found for /Users/atharvakulkarni/Desktop/IITB/BTP/ntt_accel/src/main/scala/AddressGenerator.scala. Using presentation compiler with project's scala-library version: 2.12.19
2024.11.07 10:34:56 INFO  no build target found for /Users/atharvakulkarni/Desktop/IITB/BTP/ntt_accel/src/main/scala/AddressGenerator.scala. Using presentation compiler with project's scala-library version: 2.12.19
2024.11.07 10:34:57 INFO  no build target found for /Users/atharvakulkarni/Desktop/IITB/BTP/ntt_accel/src/main/scala/AddressGenerator.scala. Using presentation compiler with project's scala-library version: 2.12.19
2024.11.07 10:34:56 INFO  no build target found for /Users/atharvakulkarni/Desktop/IITB/BTP/ntt_accel/src/main/scala/AddressGenerator.scala. Using presentation compiler with project's scala-library version: 2.12.19
2024.11.07 10:34:57 INFO  no build target found for /Users/atharvakulkarni/Desktop/IITB/BTP/ntt_accel/src/main/scala/AddressGenerator.scala. Using presentation compiler with project's scala-library version: 2.12.19
2024.11.07 10:34:57 INFO  no build target found for /Users/atharvakulkarni/Desktop/IITB/BTP/ntt_accel/src/main/scala/AddressGenerator.scala. Using presentation compiler with project's scala-library version: 2.12.19
2024.11.07 10:34:57 INFO  no build target found for /Users/atharvakulkarni/Desktop/IITB/BTP/ntt_accel/src/main/scala/AddressGenerator.scala. Using presentation compiler with project's scala-library version: 2.12.19
2024.11.07 10:34:57 INFO  no build target found for /Users/atharvakulkarni/Desktop/IITB/BTP/ntt_accel/src/main/scala/AddressGenerator.scala. Using presentation compiler with project's scala-library version: 2.12.19
2024.11.07 10:34:58 INFO  no build target found for /Users/atharvakulkarni/Desktop/IITB/BTP/ntt_accel/src/main/scala/AddressGenerator.scala. Using presentation compiler with project's scala-library version: 2.12.19
2024.11.07 10:35:07 INFO  no build target found for /Users/atharvakulkarni/Desktop/IITB/BTP/ntt_accel/src/main/scala/AddressGenerator.scala. Using presentation compiler with project's scala-library version: 2.12.19
2024.11.07 10:35:07 WARN  no build target for: /Users/atharvakulkarni/Desktop/IITB/BTP/ntt_accel/src/main/scala/AddressGenerator.scala
2024.11.07 10:35:07 INFO  no build target found for /Users/atharvakulkarni/Desktop/IITB/BTP/ntt_accel/src/main/scala/AddressGenerator.scala. Using presentation compiler with project's scala-library version: 2.12.19
2024.11.07 10:35:20 INFO  no build target found for /Users/atharvakulkarni/Desktop/IITB/BTP/ntt_accel/src/main/scala/AddressGenerator.scala. Using presentation compiler with project's scala-library version: 2.12.19
2024.11.07 10:35:20 INFO  no build target found for /Users/atharvakulkarni/Desktop/IITB/BTP/ntt_accel/src/main/scala/AddressGenerator.scala. Using presentation compiler with project's scala-library version: 2.12.19
2024.11.07 10:35:22 INFO  no build target found for /Users/atharvakulkarni/Desktop/IITB/BTP/ntt_accel/src/main/scala/AddressGenerator.scala. Using presentation compiler with project's scala-library version: 2.12.19
2024.11.07 10:35:22 INFO  no build target found for /Users/atharvakulkarni/Desktop/IITB/BTP/ntt_accel/src/main/scala/AddressGenerator.scala. Using presentation compiler with project's scala-library version: 2.12.19
2024.11.07 10:35:22 INFO  no build target found for /Users/atharvakulkarni/Desktop/IITB/BTP/ntt_accel/src/main/scala/AddressGenerator.scala. Using presentation compiler with project's scala-library version: 2.12.19
2024.11.07 10:35:22 INFO  no build target found for /Users/atharvakulkarni/Desktop/IITB/BTP/ntt_accel/src/main/scala/AddressGenerator.scala. Using presentation compiler with project's scala-library version: 2.12.19
2024.11.07 10:35:22 INFO  no build target found for /Users/atharvakulkarni/Desktop/IITB/BTP/ntt_accel/src/main/scala/AddressGenerator.scala. Using presentation compiler with project's scala-library version: 2.12.19
2024.11.07 10:35:22 INFO  no build target found for /Users/atharvakulkarni/Desktop/IITB/BTP/ntt_accel/src/main/scala/AddressGenerator.scala. Using presentation compiler with project's scala-library version: 2.12.19
2024.11.07 10:35:22 INFO  no build target found for /Users/atharvakulkarni/Desktop/IITB/BTP/ntt_accel/src/main/scala/AddressGenerator.scala. Using presentation compiler with project's scala-library version: 2.12.19
2024.11.07 10:35:22 INFO  no build target found for /Users/atharvakulkarni/Desktop/IITB/BTP/ntt_accel/src/main/scala/AddressGenerator.scala. Using presentation compiler with project's scala-library version: 2.12.19
2024.11.07 10:35:23 INFO  no build target found for /Users/atharvakulkarni/Desktop/IITB/BTP/ntt_accel/src/main/scala/AddressGenerator.scala. Using presentation compiler with project's scala-library version: 2.12.19
2024.11.07 10:35:23 INFO  no build target found for /Users/atharvakulkarni/Desktop/IITB/BTP/ntt_accel/src/main/scala/AddressGenerator.scala. Using presentation compiler with project's scala-library version: 2.12.19
2024.11.07 10:35:23 INFO  no build target found for /Users/atharvakulkarni/Desktop/IITB/BTP/ntt_accel/src/main/scala/AddressGenerator.scala. Using presentation compiler with project's scala-library version: 2.12.19
2024.11.07 10:35:23 INFO  no build target found for /Users/atharvakulkarni/Desktop/IITB/BTP/ntt_accel/src/main/scala/AddressGenerator.scala. Using presentation compiler with project's scala-library version: 2.12.19
2024.11.07 10:35:23 INFO  no build target found for /Users/atharvakulkarni/Desktop/IITB/BTP/ntt_accel/src/main/scala/AddressGenerator.scala. Using presentation compiler with project's scala-library version: 2.12.19
2024.11.07 10:35:23 INFO  no build target found for /Users/atharvakulkarni/Desktop/IITB/BTP/ntt_accel/src/main/scala/AddressGenerator.scala. Using presentation compiler with project's scala-library version: 2.12.19
2024.11.07 10:35:23 INFO  no build target found for /Users/atharvakulkarni/Desktop/IITB/BTP/ntt_accel/src/main/scala/AddressGenerator.scala. Using presentation compiler with project's scala-library version: 2.12.19
2024.11.07 10:35:23 INFO  no build target found for /Users/atharvakulkarni/Desktop/IITB/BTP/ntt_accel/src/main/scala/AddressGenerator.scala. Using presentation compiler with project's scala-library version: 2.12.19
2024.11.07 10:35:23 INFO  no build target found for /Users/atharvakulkarni/Desktop/IITB/BTP/ntt_accel/src/main/scala/AddressGenerator.scala. Using presentation compiler with project's scala-library version: 2.12.19
2024.11.07 10:35:23 INFO  no build target found for /Users/atharvakulkarni/Desktop/IITB/BTP/ntt_accel/src/main/scala/AddressGenerator.scala. Using presentation compiler with project's scala-library version: 2.12.19
2024.11.07 10:35:23 INFO  no build target found for /Users/atharvakulkarni/Desktop/IITB/BTP/ntt_accel/src/main/scala/AddressGenerator.scala. Using presentation compiler with project's scala-library version: 2.12.19
2024.11.07 10:35:23 INFO  no build target found for /Users/atharvakulkarni/Desktop/IITB/BTP/ntt_accel/src/main/scala/AddressGenerator.scala. Using presentation compiler with project's scala-library version: 2.12.19
2024.11.07 10:35:23 INFO  no build target found for /Users/atharvakulkarni/Desktop/IITB/BTP/ntt_accel/src/main/scala/AddressGenerator.scala. Using presentation compiler with project's scala-library version: 2.12.19
2024.11.07 10:35:23 INFO  no build target found for /Users/atharvakulkarni/Desktop/IITB/BTP/ntt_accel/src/main/scala/AddressGenerator.scala. Using presentation compiler with project's scala-library version: 2.12.19
2024.11.07 10:35:24 INFO  no build target found for /Users/atharvakulkarni/Desktop/IITB/BTP/ntt_accel/src/main/scala/AddressGenerator.scala. Using presentation compiler with project's scala-library version: 2.12.19
2024.11.07 10:35:24 INFO  no build target found for /Users/atharvakulkarni/Desktop/IITB/BTP/ntt_accel/src/main/scala/AddressGenerator.scala. Using presentation compiler with project's scala-library version: 2.12.19
2024.11.07 10:35:24 INFO  no build target found for /Users/atharvakulkarni/Desktop/IITB/BTP/ntt_accel/src/main/scala/AddressGenerator.scala. Using presentation compiler with project's scala-library version: 2.12.19
2024.11.07 10:35:27 INFO  no build target found for /Users/atharvakulkarni/Desktop/IITB/BTP/ntt_accel/src/main/scala/AddressGenerator.scala. Using presentation compiler with project's scala-library version: 2.12.19
2024.11.07 10:35:27 INFO  no build target found for /Users/atharvakulkarni/Desktop/IITB/BTP/ntt_accel/src/main/scala/AddressGenerator.scala. Using presentation compiler with project's scala-library version: 2.12.19
2024.11.07 10:35:27 INFO  no build target found for /Users/atharvakulkarni/Desktop/IITB/BTP/ntt_accel/src/main/scala/AddressGenerator.scala. Using presentation compiler with project's scala-library version: 2.12.19
2024.11.07 10:35:27 INFO  no build target found for /Users/atharvakulkarni/Desktop/IITB/BTP/ntt_accel/src/main/scala/AddressGenerator.scala. Using presentation compiler with project's scala-library version: 2.12.19
2024.11.07 10:35:27 INFO  no build target found for /Users/atharvakulkarni/Desktop/IITB/BTP/ntt_accel/src/main/scala/AddressGenerator.scala. Using presentation compiler with project's scala-library version: 2.12.19
2024.11.07 10:35:31 INFO  no build target found for /Users/atharvakulkarni/Desktop/IITB/BTP/ntt_accel/src/main/scala/AddressGenerator.scala. Using presentation compiler with project's scala-library version: 2.12.19
2024.11.07 10:35:31 INFO  no build target found for /Users/atharvakulkarni/Desktop/IITB/BTP/ntt_accel/src/main/scala/AddressGenerator.scala. Using presentation compiler with project's scala-library version: 2.12.19
2024.11.07 10:35:31 INFO  no build target found for /Users/atharvakulkarni/Desktop/IITB/BTP/ntt_accel/src/main/scala/AddressGenerator.scala. Using presentation compiler with project's scala-library version: 2.12.19
2024.11.07 10:35:31 INFO  no build target found for /Users/atharvakulkarni/Desktop/IITB/BTP/ntt_accel/src/main/scala/AddressGenerator.scala. Using presentation compiler with project's scala-library version: 2.12.19
2024.11.07 10:35:34 INFO  no build target found for /Users/atharvakulkarni/Desktop/IITB/BTP/ntt_accel/src/main/scala/AddressGenerator.scala. Using presentation compiler with project's scala-library version: 2.12.19
2024.11.07 10:35:34 INFO  no build target found for /Users/atharvakulkarni/Desktop/IITB/BTP/ntt_accel/src/main/scala/AddressGenerator.scala. Using presentation compiler with project's scala-library version: 2.12.19
2024.11.07 10:35:34 INFO  no build target found for /Users/atharvakulkarni/Desktop/IITB/BTP/ntt_accel/src/main/scala/AddressGenerator.scala. Using presentation compiler with project's scala-library version: 2.12.19
2024.11.07 10:35:34 INFO  no build target found for /Users/atharvakulkarni/Desktop/IITB/BTP/ntt_accel/src/main/scala/AddressGenerator.scala. Using presentation compiler with project's scala-library version: 2.12.19
2024.11.07 10:35:35 INFO  no build target found for /Users/atharvakulkarni/Desktop/IITB/BTP/ntt_accel/src/main/scala/AddressGenerator.scala. Using presentation compiler with project's scala-library version: 2.12.19
2024.11.07 10:35:35 INFO  no build target found for /Users/atharvakulkarni/Desktop/IITB/BTP/ntt_accel/src/main/scala/AddressGenerator.scala. Using presentation compiler with project's scala-library version: 2.12.19
2024.11.07 10:35:35 INFO  no build target found for /Users/atharvakulkarni/Desktop/IITB/BTP/ntt_accel/src/main/scala/AddressGenerator.scala. Using presentation compiler with project's scala-library version: 2.12.19
2024.11.07 10:35:35 INFO  no build target found for /Users/atharvakulkarni/Desktop/IITB/BTP/ntt_accel/src/main/scala/AddressGenerator.scala. Using presentation compiler with project's scala-library version: 2.12.19
2024.11.07 10:35:35 INFO  no build target found for /Users/atharvakulkarni/Desktop/IITB/BTP/ntt_accel/src/main/scala/AddressGenerator.scala. Using presentation compiler with project's scala-library version: 2.12.19
2024.11.07 10:35:35 INFO  no build target found for /Users/atharvakulkarni/Desktop/IITB/BTP/ntt_accel/src/main/scala/AddressGenerator.scala. Using presentation compiler with project's scala-library version: 2.12.19
2024.11.07 10:35:35 INFO  no build target found for /Users/atharvakulkarni/Desktop/IITB/BTP/ntt_accel/src/main/scala/AddressGenerator.scala. Using presentation compiler with project's scala-library version: 2.12.19
2024.11.07 10:35:35 INFO  no build target found for /Users/atharvakulkarni/Desktop/IITB/BTP/ntt_accel/src/main/scala/AddressGenerator.scala. Using presentation compiler with project's scala-library version: 2.12.19
2024.11.07 10:35:35 INFO  no build target found for /Users/atharvakulkarni/Desktop/IITB/BTP/ntt_accel/src/main/scala/AddressGenerator.scala. Using presentation compiler with project's scala-library version: 2.12.19
2024.11.07 10:35:36 INFO  no build target found for /Users/atharvakulkarni/Desktop/IITB/BTP/ntt_accel/src/main/scala/AddressGenerator.scala. Using presentation compiler with project's scala-library version: 2.12.19
2024.11.07 10:35:36 INFO  no build target found for /Users/atharvakulkarni/Desktop/IITB/BTP/ntt_accel/src/main/scala/AddressGenerator.scala. Using presentation compiler with project's scala-library version: 2.12.19
2024.11.07 10:35:36 INFO  no build target found for /Users/atharvakulkarni/Desktop/IITB/BTP/ntt_accel/src/main/scala/AddressGenerator.scala. Using presentation compiler with project's scala-library version: 2.12.19
2024.11.07 10:35:36 INFO  no build target found for /Users/atharvakulkarni/Desktop/IITB/BTP/ntt_accel/src/main/scala/AddressGenerator.scala. Using presentation compiler with project's scala-library version: 2.12.19
2024.11.07 10:35:36 INFO  no build target found for /Users/atharvakulkarni/Desktop/IITB/BTP/ntt_accel/src/main/scala/AddressGenerator.scala. Using presentation compiler with project's scala-library version: 2.12.19
2024.11.07 10:35:37 INFO  no build target found for /Users/atharvakulkarni/Desktop/IITB/BTP/ntt_accel/src/main/scala/AddressGenerator.scala. Using presentation compiler with project's scala-library version: 2.12.19
2024.11.07 10:35:37 INFO  no build target found for /Users/atharvakulkarni/Desktop/IITB/BTP/ntt_accel/src/main/scala/AddressGenerator.scala. Using presentation compiler with project's scala-library version: 2.12.19
2024.11.07 10:35:45 INFO  no build target found for /Users/atharvakulkarni/Desktop/IITB/BTP/ntt_accel/src/main/scala/AddressGenerator.scala. Using presentation compiler with project's scala-library version: 2.12.19
2024.11.07 10:35:53 WARN  no build target for: /Users/atharvakulkarni/Desktop/IITB/BTP/ntt_accel/src/main/scala/AddressGenerator.scala
2024.11.07 10:35:53 INFO  no build target found for /Users/atharvakulkarni/Desktop/IITB/BTP/ntt_accel/src/main/scala/AddressGenerator.scala. Using presentation compiler with project's scala-library version: 2.12.19
2024.11.07 10:36:20 INFO  no build target found for /Users/atharvakulkarni/Desktop/IITB/BTP/ntt_accel/src/main/scala/AddressGenerator.scala. Using presentation compiler with project's scala-library version: 2.12.19
2024.11.07 10:36:20 INFO  no build target found for /Users/atharvakulkarni/Desktop/IITB/BTP/ntt_accel/src/main/scala/AddressGenerator.scala. Using presentation compiler with project's scala-library version: 2.12.19
2024.11.07 10:36:20 INFO  no build target found for /Users/atharvakulkarni/Desktop/IITB/BTP/ntt_accel/src/main/scala/AddressGenerator.scala. Using presentation compiler with project's scala-library version: 2.12.19
2024.11.07 10:36:22 INFO  no build target found for /Users/atharvakulkarni/Desktop/IITB/BTP/ntt_accel/src/main/scala/AddressGenerator.scala. Using presentation compiler with project's scala-library version: 2.12.19
2024.11.07 10:36:22 INFO  no build target found for /Users/atharvakulkarni/Desktop/IITB/BTP/ntt_accel/src/main/scala/AddressGenerator.scala. Using presentation compiler with project's scala-library version: 2.12.19
2024.11.07 10:36:22 INFO  no build target found for /Users/atharvakulkarni/Desktop/IITB/BTP/ntt_accel/src/main/scala/AddressGenerator.scala. Using presentation compiler with project's scala-library version: 2.12.19
2024.11.07 10:36:22 INFO  no build target found for /Users/atharvakulkarni/Desktop/IITB/BTP/ntt_accel/src/main/scala/AddressGenerator.scala. Using presentation compiler with project's scala-library version: 2.12.19
2024.11.07 10:36:22 WARN  no build target for: /Users/atharvakulkarni/Desktop/IITB/BTP/ntt_accel/src/main/scala/AddressGenerator.scala
2024.11.07 10:36:23 INFO  no build target found for /Users/atharvakulkarni/Desktop/IITB/BTP/ntt_accel/src/main/scala/AddressGenerator.scala. Using presentation compiler with project's scala-library version: 2.12.19
2024.11.07 10:37:00 INFO  no build target found for /Users/atharvakulkarni/Desktop/IITB/BTP/ntt_accel/src/main/scala/AddressGenerator.scala. Using presentation compiler with project's scala-library version: 2.12.19
2024.11.07 10:37:00 INFO  no build target found for /Users/atharvakulkarni/Desktop/IITB/BTP/ntt_accel/src/main/scala/AddressGenerator.scala. Using presentation compiler with project's scala-library version: 2.12.19
2024.11.07 10:37:00 INFO  no build target found for /Users/atharvakulkarni/Desktop/IITB/BTP/ntt_accel/src/main/scala/AddressGenerator.scala. Using presentation compiler with project's scala-library version: 2.12.19
2024.11.07 10:37:00 INFO  no build target found for /Users/atharvakulkarni/Desktop/IITB/BTP/ntt_accel/src/main/scala/AddressGenerator.scala. Using presentation compiler with project's scala-library version: 2.12.19
2024.11.07 10:37:06 INFO  no build target found for /Users/atharvakulkarni/Desktop/IITB/BTP/ntt_accel/src/main/scala/AddressGenerator.scala. Using presentation compiler with project's scala-library version: 2.12.19
2024.11.07 10:37:06 INFO  no build target found for /Users/atharvakulkarni/Desktop/IITB/BTP/ntt_accel/src/main/scala/AddressGenerator.scala. Using presentation compiler with project's scala-library version: 2.12.19
2024.11.07 10:37:08 INFO  no build target found for /Users/atharvakulkarni/Desktop/IITB/BTP/ntt_accel/src/main/scala/AddressGenerator.scala. Using presentation compiler with project's scala-library version: 2.12.19
2024.11.07 10:37:08 INFO  no build target found for /Users/atharvakulkarni/Desktop/IITB/BTP/ntt_accel/src/main/scala/AddressGenerator.scala. Using presentation compiler with project's scala-library version: 2.12.19
2024.11.07 10:37:11 INFO  no build target found for /Users/atharvakulkarni/Desktop/IITB/BTP/ntt_accel/src/main/scala/AddressGenerator.scala. Using presentation compiler with project's scala-library version: 2.12.19
2024.11.07 10:37:11 INFO  no build target found for /Users/atharvakulkarni/Desktop/IITB/BTP/ntt_accel/src/main/scala/AddressGenerator.scala. Using presentation compiler with project's scala-library version: 2.12.19
2024.11.07 10:37:11 INFO  no build target found for /Users/atharvakulkarni/Desktop/IITB/BTP/ntt_accel/src/main/scala/AddressGenerator.scala. Using presentation compiler with project's scala-library version: 2.12.19
2024.11.07 10:37:13 INFO  no build target found for /Users/atharvakulkarni/Desktop/IITB/BTP/ntt_accel/src/main/scala/AddressGenerator.scala. Using presentation compiler with project's scala-library version: 2.12.19
2024.11.07 10:37:32 INFO  no build target found for /Users/atharvakulkarni/Desktop/IITB/BTP/ntt_accel/src/main/scala/AddressGenerator.scala. Using presentation compiler with project's scala-library version: 2.12.19
2024.11.07 10:37:32 INFO  no build target found for /Users/atharvakulkarni/Desktop/IITB/BTP/ntt_accel/src/main/scala/AddressGenerator.scala. Using presentation compiler with project's scala-library version: 2.12.19
2024.11.07 10:37:36 INFO  no build target found for /Users/atharvakulkarni/Desktop/IITB/BTP/ntt_accel/src/main/scala/AddressGenerator.scala. Using presentation compiler with project's scala-library version: 2.12.19
2024.11.07 10:37:43 INFO  no build target found for /Users/atharvakulkarni/Desktop/IITB/BTP/ntt_accel/src/main/scala/AddressGenerator.scala. Using presentation compiler with project's scala-library version: 2.12.19
2024.11.07 10:37:43 INFO  no build target found for /Users/atharvakulkarni/Desktop/IITB/BTP/ntt_accel/src/main/scala/AddressGenerator.scala. Using presentation compiler with project's scala-library version: 2.12.19
2024.11.07 10:37:43 INFO  no build target found for /Users/atharvakulkarni/Desktop/IITB/BTP/ntt_accel/src/main/scala/AddressGenerator.scala. Using presentation compiler with project's scala-library version: 2.12.19
2024.11.07 10:37:43 INFO  no build target found for /Users/atharvakulkarni/Desktop/IITB/BTP/ntt_accel/src/main/scala/AddressGenerator.scala. Using presentation compiler with project's scala-library version: 2.12.19
2024.11.07 10:37:43 INFO  no build target found for /Users/atharvakulkarni/Desktop/IITB/BTP/ntt_accel/src/main/scala/AddressGenerator.scala. Using presentation compiler with project's scala-library version: 2.12.19
2024.11.07 10:37:43 INFO  no build target found for /Users/atharvakulkarni/Desktop/IITB/BTP/ntt_accel/src/main/scala/AddressGenerator.scala. Using presentation compiler with project's scala-library version: 2.12.19
2024.11.07 10:37:43 INFO  no build target found for /Users/atharvakulkarni/Desktop/IITB/BTP/ntt_accel/src/main/scala/AddressGenerator.scala. Using presentation compiler with project's scala-library version: 2.12.19
2024.11.07 10:37:43 INFO  no build target found for /Users/atharvakulkarni/Desktop/IITB/BTP/ntt_accel/src/main/scala/AddressGenerator.scala. Using presentation compiler with project's scala-library version: 2.12.19
2024.11.07 10:37:44 INFO  no build target found for /Users/atharvakulkarni/Desktop/IITB/BTP/ntt_accel/src/main/scala/AddressGenerator.scala. Using presentation compiler with project's scala-library version: 2.12.19
2024.11.07 10:37:43 INFO  no build target found for /Users/atharvakulkarni/Desktop/IITB/BTP/ntt_accel/src/main/scala/AddressGenerator.scala. Using presentation compiler with project's scala-library version: 2.12.19
2024.11.07 10:37:44 INFO  no build target found for /Users/atharvakulkarni/Desktop/IITB/BTP/ntt_accel/src/main/scala/AddressGenerator.scala. Using presentation compiler with project's scala-library version: 2.12.19
2024.11.07 10:37:43 INFO  no build target found for /Users/atharvakulkarni/Desktop/IITB/BTP/ntt_accel/src/main/scala/AddressGenerator.scala. Using presentation compiler with project's scala-library version: 2.12.19
2024.11.07 10:37:44 INFO  no build target found for /Users/atharvakulkarni/Desktop/IITB/BTP/ntt_accel/src/main/scala/AddressGenerator.scala. Using presentation compiler with project's scala-library version: 2.12.19
2024.11.07 10:37:44 INFO  no build target found for /Users/atharvakulkarni/Desktop/IITB/BTP/ntt_accel/src/main/scala/AddressGenerator.scala. Using presentation compiler with project's scala-library version: 2.12.19
2024.11.07 10:37:45 INFO  no build target found for /Users/atharvakulkarni/Desktop/IITB/BTP/ntt_accel/src/main/scala/AddressGenerator.scala. Using presentation compiler with project's scala-library version: 2.12.19
2024.11.07 10:37:45 INFO  no build target found for /Users/atharvakulkarni/Desktop/IITB/BTP/ntt_accel/src/main/scala/AddressGenerator.scala. Using presentation compiler with project's scala-library version: 2.12.19
2024.11.07 10:37:44 INFO  no build target found for /Users/atharvakulkarni/Desktop/IITB/BTP/ntt_accel/src/main/scala/AddressGenerator.scala. Using presentation compiler with project's scala-library version: 2.12.19
2024.11.07 10:37:45 INFO  no build target found for /Users/atharvakulkarni/Desktop/IITB/BTP/ntt_accel/src/main/scala/AddressGenerator.scala. Using presentation compiler with project's scala-library version: 2.12.19
2024.11.07 10:37:45 INFO  no build target found for /Users/atharvakulkarni/Desktop/IITB/BTP/ntt_accel/src/main/scala/AddressGenerator.scala. Using presentation compiler with project's scala-library version: 2.12.19
2024.11.07 10:37:45 INFO  no build target found for /Users/atharvakulkarni/Desktop/IITB/BTP/ntt_accel/src/main/scala/AddressGenerator.scala. Using presentation compiler with project's scala-library version: 2.12.19
2024.11.07 10:37:47 INFO  no build target found for /Users/atharvakulkarni/Desktop/IITB/BTP/ntt_accel/src/main/scala/AddressGenerator.scala. Using presentation compiler with project's scala-library version: 2.12.19
2024.11.07 10:37:47 INFO  no build target found for /Users/atharvakulkarni/Desktop/IITB/BTP/ntt_accel/src/main/scala/AddressGenerator.scala. Using presentation compiler with project's scala-library version: 2.12.19
2024.11.07 10:37:50 WARN  no build target for: /Users/atharvakulkarni/Desktop/IITB/BTP/ntt_accel/src/main/scala/AddressGenerator.scala
2024.11.07 10:37:50 INFO  no build target found for /Users/atharvakulkarni/Desktop/IITB/BTP/ntt_accel/src/main/scala/AddressGenerator.scala. Using presentation compiler with project's scala-library version: 2.12.19
